データコード,FM08'FXERM06,FM08'FXERM07,FM08'FXERM08,FM08'FXERM09,FM08'FXERM05,FM08'FXERM03,FM08'FXERM11,FM08'FXERM15,FM08'FXERM23,FM08'FXERM27,FM08'FXERM31,FM08'FXERM32,FM08'FXERM33,FM08'FXERM34,FM08'FXAR@01,FM08'FXAR@02,FM08'FXARUSGB
系列名称,"東京市場　ドル・円　スポット　17時時点/月末","東京市場　ドル・円　スポット　17時時点/月中平均","東京市場　ドル・円　スポット　中心相場/月末","東京市場　ドル・円　スポット　中心相場/月中平均","東京市場　ドル・円　スポット　月中最安値","東京市場　ドル・円　スポット　月中最高値","東京市場　ドル・円　スポット出来高/月中平均","東京市場　ドル・円　スワップ出来高/月中平均","（更新停止）東京市場　ドル・円　フォワード・スプレッド3ヵ月/月末（2010年2月まで）","（更新停止）東京市場　ドル・円　フォワード・スプレッド3ヵ月　年率/月末（2010年2月まで）","（更新停止）東京市場　ドル・円　通貨オプション　ボラティリティ1ヵ月/月末（2010年2月まで）","（更新停止）東京市場　ドル・円　通貨オプション　ボラティリティ1ヵ月/月中平均（2010年2月まで）","（更新停止）東京市場　ドル・円　通貨オプション　ボラティリティ3ヵ月/月末（2010年2月まで）","（更新停止）東京市場　ドル・円　通貨オプション　ボラティリティ3ヵ月/月中平均（2010年2月まで）","(更新停止）ニューヨーク市場　マルク相場 /月末（１ドル当たり）（1998年12月まで）","(更新停止）ニューヨーク市場　ユーロ相場 /月末（１ユーロ当たり）（2008年3月まで）","(更新停止）ニューヨーク市場　ポンド相場 /月末（１ポンド当たり）（2008年3月まで）"
1900/01,,,,,,,,,,,,,,,,,
1900/02,,,,,,,,,,,,,,,,,
1900/03,,,,,,,,,,,,,,,,,
1900/04,,,,,,,,,,,,,,,,,
1900/05,,,,,,,,,,,,,,,,,
1900/06,,,,,,,,,,,,,,,,,
1900/07,,,,,,,,,,,,,,,,,
1900/08,,,,,,,,,,,,,,,,,
1900/09,,,,,,,,,,,,,,,,,
1900/10,,,,,,,,,,,,,,,,,
1900/11,,,,,,,,,,,,,,,,,
1900/12,,,,,,,,,,,,,,,,,
1901/01,,,,,,,,,,,,,,,,,
1901/02,,,,,,,,,,,,,,,,,
1901/03,,,,,,,,,,,,,,,,,
1901/04,,,,,,,,,,,,,,,,,
1901/05,,,,,,,,,,,,,,,,,
1901/06,,,,,,,,,,,,,,,,,
1901/07,,,,,,,,,,,,,,,,,
1901/08,,,,,,,,,,,,,,,,,
1901/09,,,,,,,,,,,,,,,,,
1901/10,,,,,,,,,,,,,,,,,
1901/11,,,,,,,,,,,,,,,,,
1901/12,,,,,,,,,,,,,,,,,
1902/01,,,,,,,,,,,,,,,,,
1902/02,,,,,,,,,,,,,,,,,
1902/03,,,,,,,,,,,,,,,,,
1902/04,,,,,,,,,,,,,,,,,
1902/05,,,,,,,,,,,,,,,,,
1902/06,,,,,,,,,,,,,,,,,
1902/07,,,,,,,,,,,,,,,,,
1902/08,,,,,,,,,,,,,,,,,
1902/09,,,,,,,,,,,,,,,,,
1902/10,,,,,,,,,,,,,,,,,
1902/11,,,,,,,,,,,,,,,,,
1902/12,,,,,,,,,,,,,,,,,
1903/01,,,,,,,,,,,,,,,,,
1903/02,,,,,,,,,,,,,,,,,
1903/03,,,,,,,,,,,,,,,,,
1903/04,,,,,,,,,,,,,,,,,
1903/05,,,,,,,,,,,,,,,,,
1903/06,,,,,,,,,,,,,,,,,
1903/07,,,,,,,,,,,,,,,,,
1903/08,,,,,,,,,,,,,,,,,
1903/09,,,,,,,,,,,,,,,,,
1903/10,,,,,,,,,,,,,,,,,
1903/11,,,,,,,,,,,,,,,,,
1903/12,,,,,,,,,,,,,,,,,
1904/01,,,,,,,,,,,,,,,,,
1904/02,,,,,,,,,,,,,,,,,
1904/03,,,,,,,,,,,,,,,,,
1904/04,,,,,,,,,,,,,,,,,
1904/05,,,,,,,,,,,,,,,,,
1904/06,,,,,,,,,,,,,,,,,
1904/07,,,,,,,,,,,,,,,,,
1904/08,,,,,,,,,,,,,,,,,
1904/09,,,,,,,,,,,,,,,,,
1904/10,,,,,,,,,,,,,,,,,
1904/11,,,,,,,,,,,,,,,,,
1904/12,,,,,,,,,,,,,,,,,
1905/01,,,,,,,,,,,,,,,,,
1905/02,,,,,,,,,,,,,,,,,
1905/03,,,,,,,,,,,,,,,,,
1905/04,,,,,,,,,,,,,,,,,
1905/05,,,,,,,,,,,,,,,,,
1905/06,,,,,,,,,,,,,,,,,
1905/07,,,,,,,,,,,,,,,,,
1905/08,,,,,,,,,,,,,,,,,
1905/09,,,,,,,,,,,,,,,,,
1905/10,,,,,,,,,,,,,,,,,
1905/11,,,,,,,,,,,,,,,,,
1905/12,,,,,,,,,,,,,,,,,
1906/01,,,,,,,,,,,,,,,,,
1906/02,,,,,,,,,,,,,,,,,
1906/03,,,,,,,,,,,,,,,,,
1906/04,,,,,,,,,,,,,,,,,
1906/05,,,,,,,,,,,,,,,,,
1906/06,,,,,,,,,,,,,,,,,
1906/07,,,,,,,,,,,,,,,,,
1906/08,,,,,,,,,,,,,,,,,
1906/09,,,,,,,,,,,,,,,,,
1906/10,,,,,,,,,,,,,,,,,
1906/11,,,,,,,,,,,,,,,,,
1906/12,,,,,,,,,,,,,,,,,
1907/01,,,,,,,,,,,,,,,,,
1907/02,,,,,,,,,,,,,,,,,
1907/03,,,,,,,,,,,,,,,,,
1907/04,,,,,,,,,,,,,,,,,
1907/05,,,,,,,,,,,,,,,,,
1907/06,,,,,,,,,,,,,,,,,
1907/07,,,,,,,,,,,,,,,,,
1907/08,,,,,,,,,,,,,,,,,
1907/09,,,,,,,,,,,,,,,,,
1907/10,,,,,,,,,,,,,,,,,
1907/11,,,,,,,,,,,,,,,,,
1907/12,,,,,,,,,,,,,,,,,
1908/01,,,,,,,,,,,,,,,,,
1908/02,,,,,,,,,,,,,,,,,
1908/03,,,,,,,,,,,,,,,,,
1908/04,,,,,,,,,,,,,,,,,
1908/05,,,,,,,,,,,,,,,,,
1908/06,,,,,,,,,,,,,,,,,
1908/07,,,,,,,,,,,,,,,,,
1908/08,,,,,,,,,,,,,,,,,
1908/09,,,,,,,,,,,,,,,,,
1908/10,,,,,,,,,,,,,,,,,
1908/11,,,,,,,,,,,,,,,,,
1908/12,,,,,,,,,,,,,,,,,
1909/01,,,,,,,,,,,,,,,,,
1909/02,,,,,,,,,,,,,,,,,
1909/03,,,,,,,,,,,,,,,,,
1909/04,,,,,,,,,,,,,,,,,
1909/05,,,,,,,,,,,,,,,,,
1909/06,,,,,,,,,,,,,,,,,
1909/07,,,,,,,,,,,,,,,,,
1909/08,,,,,,,,,,,,,,,,,
1909/09,,,,,,,,,,,,,,,,,
1909/10,,,,,,,,,,,,,,,,,
1909/11,,,,,,,,,,,,,,,,,
1909/12,,,,,,,,,,,,,,,,,
1910/01,,,,,,,,,,,,,,,,,
1910/02,,,,,,,,,,,,,,,,,
1910/03,,,,,,,,,,,,,,,,,
1910/04,,,,,,,,,,,,,,,,,
1910/05,,,,,,,,,,,,,,,,,
1910/06,,,,,,,,,,,,,,,,,
1910/07,,,,,,,,,,,,,,,,,
1910/08,,,,,,,,,,,,,,,,,
1910/09,,,,,,,,,,,,,,,,,
1910/10,,,,,,,,,,,,,,,,,
1910/11,,,,,,,,,,,,,,,,,
1910/12,,,,,,,,,,,,,,,,,
1911/01,,,,,,,,,,,,,,,,,
1911/02,,,,,,,,,,,,,,,,,
1911/03,,,,,,,,,,,,,,,,,
1911/04,,,,,,,,,,,,,,,,,
1911/05,,,,,,,,,,,,,,,,,
1911/06,,,,,,,,,,,,,,,,,
1911/07,,,,,,,,,,,,,,,,,
1911/08,,,,,,,,,,,,,,,,,
1911/09,,,,,,,,,,,,,,,,,
1911/10,,,,,,,,,,,,,,,,,
1911/11,,,,,,,,,,,,,,,,,
1911/12,,,,,,,,,,,,,,,,,
1912/01,,,,,,,,,,,,,,,,,
1912/02,,,,,,,,,,,,,,,,,
1912/03,,,,,,,,,,,,,,,,,
1912/04,,,,,,,,,,,,,,,,,
1912/05,,,,,,,,,,,,,,,,,
1912/06,,,,,,,,,,,,,,,,,
1912/07,,,,,,,,,,,,,,,,,
1912/08,,,,,,,,,,,,,,,,,
1912/09,,,,,,,,,,,,,,,,,
1912/10,,,,,,,,,,,,,,,,,
1912/11,,,,,,,,,,,,,,,,,
1912/12,,,,,,,,,,,,,,,,,
1913/01,,,,,,,,,,,,,,,,,
1913/02,,,,,,,,,,,,,,,,,
1913/03,,,,,,,,,,,,,,,,,
1913/04,,,,,,,,,,,,,,,,,
1913/05,,,,,,,,,,,,,,,,,
1913/06,,,,,,,,,,,,,,,,,
1913/07,,,,,,,,,,,,,,,,,
1913/08,,,,,,,,,,,,,,,,,
1913/09,,,,,,,,,,,,,,,,,
1913/10,,,,,,,,,,,,,,,,,
1913/11,,,,,,,,,,,,,,,,,
1913/12,,,,,,,,,,,,,,,,,
1914/01,,,,,,,,,,,,,,,,,
1914/02,,,,,,,,,,,,,,,,,
1914/03,,,,,,,,,,,,,,,,,
1914/04,,,,,,,,,,,,,,,,,
1914/05,,,,,,,,,,,,,,,,,
1914/06,,,,,,,,,,,,,,,,,
1914/07,,,,,,,,,,,,,,,,,
1914/08,,,,,,,,,,,,,,,,,
1914/09,,,,,,,,,,,,,,,,,
1914/10,,,,,,,,,,,,,,,,,
1914/11,,,,,,,,,,,,,,,,,
1914/12,,,,,,,,,,,,,,,,,
1915/01,,,,,,,,,,,,,,,,,
1915/02,,,,,,,,,,,,,,,,,
1915/03,,,,,,,,,,,,,,,,,
1915/04,,,,,,,,,,,,,,,,,
1915/05,,,,,,,,,,,,,,,,,
1915/06,,,,,,,,,,,,,,,,,
1915/07,,,,,,,,,,,,,,,,,
1915/08,,,,,,,,,,,,,,,,,
1915/09,,,,,,,,,,,,,,,,,
1915/10,,,,,,,,,,,,,,,,,
1915/11,,,,,,,,,,,,,,,,,
1915/12,,,,,,,,,,,,,,,,,
1916/01,,,,,,,,,,,,,,,,,
1916/02,,,,,,,,,,,,,,,,,
1916/03,,,,,,,,,,,,,,,,,
1916/04,,,,,,,,,,,,,,,,,
1916/05,,,,,,,,,,,,,,,,,
1916/06,,,,,,,,,,,,,,,,,
1916/07,,,,,,,,,,,,,,,,,
1916/08,,,,,,,,,,,,,,,,,
1916/09,,,,,,,,,,,,,,,,,
1916/10,,,,,,,,,,,,,,,,,
1916/11,,,,,,,,,,,,,,,,,
1916/12,,,,,,,,,,,,,,,,,
1917/01,,,,,,,,,,,,,,,,,
1917/02,,,,,,,,,,,,,,,,,
1917/03,,,,,,,,,,,,,,,,,
1917/04,,,,,,,,,,,,,,,,,
1917/05,,,,,,,,,,,,,,,,,
1917/06,,,,,,,,,,,,,,,,,
1917/07,,,,,,,,,,,,,,,,,
1917/08,,,,,,,,,,,,,,,,,
1917/09,,,,,,,,,,,,,,,,,
1917/10,,,,,,,,,,,,,,,,,
1917/11,,,,,,,,,,,,,,,,,
1917/12,,,,,,,,,,,,,,,,,
1918/01,,,,,,,,,,,,,,,,,
1918/02,,,,,,,,,,,,,,,,,
1918/03,,,,,,,,,,,,,,,,,
1918/04,,,,,,,,,,,,,,,,,
1918/05,,,,,,,,,,,,,,,,,
1918/06,,,,,,,,,,,,,,,,,
1918/07,,,,,,,,,,,,,,,,,
1918/08,,,,,,,,,,,,,,,,,
1918/09,,,,,,,,,,,,,,,,,
1918/10,,,,,,,,,,,,,,,,,
1918/11,,,,,,,,,,,,,,,,,
1918/12,,,,,,,,,,,,,,,,,
1919/01,,,,,,,,,,,,,,,,,
1919/02,,,,,,,,,,,,,,,,,
1919/03,,,,,,,,,,,,,,,,,
1919/04,,,,,,,,,,,,,,,,,
1919/05,,,,,,,,,,,,,,,,,
1919/06,,,,,,,,,,,,,,,,,
1919/07,,,,,,,,,,,,,,,,,
1919/08,,,,,,,,,,,,,,,,,
1919/09,,,,,,,,,,,,,,,,,
1919/10,,,,,,,,,,,,,,,,,
1919/11,,,,,,,,,,,,,,,,,
1919/12,,,,,,,,,,,,,,,,,
1920/01,,,,,,,,,,,,,,,,,
1920/02,,,,,,,,,,,,,,,,,
1920/03,,,,,,,,,,,,,,,,,
1920/04,,,,,,,,,,,,,,,,,
1920/05,,,,,,,,,,,,,,,,,
1920/06,,,,,,,,,,,,,,,,,
1920/07,,,,,,,,,,,,,,,,,
1920/08,,,,,,,,,,,,,,,,,
1920/09,,,,,,,,,,,,,,,,,
1920/10,,,,,,,,,,,,,,,,,
1920/11,,,,,,,,,,,,,,,,,
1920/12,,,,,,,,,,,,,,,,,
1921/01,,,,,,,,,,,,,,,,,
1921/02,,,,,,,,,,,,,,,,,
1921/03,,,,,,,,,,,,,,,,,
1921/04,,,,,,,,,,,,,,,,,
1921/05,,,,,,,,,,,,,,,,,
1921/06,,,,,,,,,,,,,,,,,
1921/07,,,,,,,,,,,,,,,,,
1921/08,,,,,,,,,,,,,,,,,
1921/09,,,,,,,,,,,,,,,,,
1921/10,,,,,,,,,,,,,,,,,
1921/11,,,,,,,,,,,,,,,,,
1921/12,,,,,,,,,,,,,,,,,
1922/01,,,,,,,,,,,,,,,,,
1922/02,,,,,,,,,,,,,,,,,
1922/03,,,,,,,,,,,,,,,,,
1922/04,,,,,,,,,,,,,,,,,
1922/05,,,,,,,,,,,,,,,,,
1922/06,,,,,,,,,,,,,,,,,
1922/07,,,,,,,,,,,,,,,,,
1922/08,,,,,,,,,,,,,,,,,
1922/09,,,,,,,,,,,,,,,,,
1922/10,,,,,,,,,,,,,,,,,
1922/11,,,,,,,,,,,,,,,,,
1922/12,,,,,,,,,,,,,,,,,
1923/01,,,,,,,,,,,,,,,,,
1923/02,,,,,,,,,,,,,,,,,
1923/03,,,,,,,,,,,,,,,,,
1923/04,,,,,,,,,,,,,,,,,
1923/05,,,,,,,,,,,,,,,,,
1923/06,,,,,,,,,,,,,,,,,
1923/07,,,,,,,,,,,,,,,,,
1923/08,,,,,,,,,,,,,,,,,
1923/09,,,,,,,,,,,,,,,,,
1923/10,,,,,,,,,,,,,,,,,
1923/11,,,,,,,,,,,,,,,,,
1923/12,,,,,,,,,,,,,,,,,
1924/01,,,,,,,,,,,,,,,,,
1924/02,,,,,,,,,,,,,,,,,
1924/03,,,,,,,,,,,,,,,,,
1924/04,,,,,,,,,,,,,,,,,
1924/05,,,,,,,,,,,,,,,,,
1924/06,,,,,,,,,,,,,,,,,
1924/07,,,,,,,,,,,,,,,,,
1924/08,,,,,,,,,,,,,,,,,
1924/09,,,,,,,,,,,,,,,,,
1924/10,,,,,,,,,,,,,,,,,
1924/11,,,,,,,,,,,,,,,,,
1924/12,,,,,,,,,,,,,,,,,
1925/01,,,,,,,,,,,,,,,,,
1925/02,,,,,,,,,,,,,,,,,
1925/03,,,,,,,,,,,,,,,,,
1925/04,,,,,,,,,,,,,,,,,
1925/05,,,,,,,,,,,,,,,,,
1925/06,,,,,,,,,,,,,,,,,
1925/07,,,,,,,,,,,,,,,,,
1925/08,,,,,,,,,,,,,,,,,
1925/09,,,,,,,,,,,,,,,,,
1925/10,,,,,,,,,,,,,,,,,
1925/11,,,,,,,,,,,,,,,,,
1925/12,,,,,,,,,,,,,,,,,
1926/01,,,,,,,,,,,,,,,,,
1926/02,,,,,,,,,,,,,,,,,
1926/03,,,,,,,,,,,,,,,,,
1926/04,,,,,,,,,,,,,,,,,
1926/05,,,,,,,,,,,,,,,,,
1926/06,,,,,,,,,,,,,,,,,
1926/07,,,,,,,,,,,,,,,,,
1926/08,,,,,,,,,,,,,,,,,
1926/09,,,,,,,,,,,,,,,,,
1926/10,,,,,,,,,,,,,,,,,
1926/11,,,,,,,,,,,,,,,,,
1926/12,,,,,,,,,,,,,,,,,
1927/01,,,,,,,,,,,,,,,,,
1927/02,,,,,,,,,,,,,,,,,
1927/03,,,,,,,,,,,,,,,,,
1927/04,,,,,,,,,,,,,,,,,
1927/05,,,,,,,,,,,,,,,,,
1927/06,,,,,,,,,,,,,,,,,
1927/07,,,,,,,,,,,,,,,,,
1927/08,,,,,,,,,,,,,,,,,
1927/09,,,,,,,,,,,,,,,,,
1927/10,,,,,,,,,,,,,,,,,
1927/11,,,,,,,,,,,,,,,,,
1927/12,,,,,,,,,,,,,,,,,
1928/01,,,,,,,,,,,,,,,,,
1928/02,,,,,,,,,,,,,,,,,
1928/03,,,,,,,,,,,,,,,,,
1928/04,,,,,,,,,,,,,,,,,
1928/05,,,,,,,,,,,,,,,,,
1928/06,,,,,,,,,,,,,,,,,
1928/07,,,,,,,,,,,,,,,,,
1928/08,,,,,,,,,,,,,,,,,
1928/09,,,,,,,,,,,,,,,,,
1928/10,,,,,,,,,,,,,,,,,
1928/11,,,,,,,,,,,,,,,,,
1928/12,,,,,,,,,,,,,,,,,
1929/01,,,,,,,,,,,,,,,,,
1929/02,,,,,,,,,,,,,,,,,
1929/03,,,,,,,,,,,,,,,,,
1929/04,,,,,,,,,,,,,,,,,
1929/05,,,,,,,,,,,,,,,,,
1929/06,,,,,,,,,,,,,,,,,
1929/07,,,,,,,,,,,,,,,,,
1929/08,,,,,,,,,,,,,,,,,
1929/09,,,,,,,,,,,,,,,,,
1929/10,,,,,,,,,,,,,,,,,
1929/11,,,,,,,,,,,,,,,,,
1929/12,,,,,,,,,,,,,,,,,
1930/01,,,,,,,,,,,,,,,,,
1930/02,,,,,,,,,,,,,,,,,
1930/03,,,,,,,,,,,,,,,,,
1930/04,,,,,,,,,,,,,,,,,
1930/05,,,,,,,,,,,,,,,,,
1930/06,,,,,,,,,,,,,,,,,
1930/07,,,,,,,,,,,,,,,,,
1930/08,,,,,,,,,,,,,,,,,
1930/09,,,,,,,,,,,,,,,,,
1930/10,,,,,,,,,,,,,,,,,
1930/11,,,,,,,,,,,,,,,,,
1930/12,,,,,,,,,,,,,,,,,
1931/01,,,,,,,,,,,,,,,,,
1931/02,,,,,,,,,,,,,,,,,
1931/03,,,,,,,,,,,,,,,,,
1931/04,,,,,,,,,,,,,,,,,
1931/05,,,,,,,,,,,,,,,,,
1931/06,,,,,,,,,,,,,,,,,
1931/07,,,,,,,,,,,,,,,,,
1931/08,,,,,,,,,,,,,,,,,
1931/09,,,,,,,,,,,,,,,,,
1931/10,,,,,,,,,,,,,,,,,
1931/11,,,,,,,,,,,,,,,,,
1931/12,,,,,,,,,,,,,,,,,
1932/01,,,,,,,,,,,,,,,,,
1932/02,,,,,,,,,,,,,,,,,
1932/03,,,,,,,,,,,,,,,,,
1932/04,,,,,,,,,,,,,,,,,
1932/05,,,,,,,,,,,,,,,,,
1932/06,,,,,,,,,,,,,,,,,
1932/07,,,,,,,,,,,,,,,,,
1932/08,,,,,,,,,,,,,,,,,
1932/09,,,,,,,,,,,,,,,,,
1932/10,,,,,,,,,,,,,,,,,
1932/11,,,,,,,,,,,,,,,,,
1932/12,,,,,,,,,,,,,,,,,
1933/01,,,,,,,,,,,,,,,,,
1933/02,,,,,,,,,,,,,,,,,
1933/03,,,,,,,,,,,,,,,,,
1933/04,,,,,,,,,,,,,,,,,
1933/05,,,,,,,,,,,,,,,,,
1933/06,,,,,,,,,,,,,,,,,
1933/07,,,,,,,,,,,,,,,,,
1933/08,,,,,,,,,,,,,,,,,
1933/09,,,,,,,,,,,,,,,,,
1933/10,,,,,,,,,,,,,,,,,
1933/11,,,,,,,,,,,,,,,,,
1933/12,,,,,,,,,,,,,,,,,
1934/01,,,,,,,,,,,,,,,,,
1934/02,,,,,,,,,,,,,,,,,
1934/03,,,,,,,,,,,,,,,,,
1934/04,,,,,,,,,,,,,,,,,
1934/05,,,,,,,,,,,,,,,,,
1934/06,,,,,,,,,,,,,,,,,
1934/07,,,,,,,,,,,,,,,,,
1934/08,,,,,,,,,,,,,,,,,
1934/09,,,,,,,,,,,,,,,,,
1934/10,,,,,,,,,,,,,,,,,
1934/11,,,,,,,,,,,,,,,,,
1934/12,,,,,,,,,,,,,,,,,
1935/01,,,,,,,,,,,,,,,,,
1935/02,,,,,,,,,,,,,,,,,
1935/03,,,,,,,,,,,,,,,,,
1935/04,,,,,,,,,,,,,,,,,
1935/05,,,,,,,,,,,,,,,,,
1935/06,,,,,,,,,,,,,,,,,
1935/07,,,,,,,,,,,,,,,,,
1935/08,,,,,,,,,,,,,,,,,
1935/09,,,,,,,,,,,,,,,,,
1935/10,,,,,,,,,,,,,,,,,
1935/11,,,,,,,,,,,,,,,,,
1935/12,,,,,,,,,,,,,,,,,
1936/01,,,,,,,,,,,,,,,,,
1936/02,,,,,,,,,,,,,,,,,
1936/03,,,,,,,,,,,,,,,,,
1936/04,,,,,,,,,,,,,,,,,
1936/05,,,,,,,,,,,,,,,,,
1936/06,,,,,,,,,,,,,,,,,
1936/07,,,,,,,,,,,,,,,,,
1936/08,,,,,,,,,,,,,,,,,
1936/09,,,,,,,,,,,,,,,,,
1936/10,,,,,,,,,,,,,,,,,
1936/11,,,,,,,,,,,,,,,,,
1936/12,,,,,,,,,,,,,,,,,
1937/01,,,,,,,,,,,,,,,,,
1937/02,,,,,,,,,,,,,,,,,
1937/03,,,,,,,,,,,,,,,,,
1937/04,,,,,,,,,,,,,,,,,
1937/05,,,,,,,,,,,,,,,,,
1937/06,,,,,,,,,,,,,,,,,
1937/07,,,,,,,,,,,,,,,,,
1937/08,,,,,,,,,,,,,,,,,
1937/09,,,,,,,,,,,,,,,,,
1937/10,,,,,,,,,,,,,,,,,
1937/11,,,,,,,,,,,,,,,,,
1937/12,,,,,,,,,,,,,,,,,
1938/01,,,,,,,,,,,,,,,,,
1938/02,,,,,,,,,,,,,,,,,
1938/03,,,,,,,,,,,,,,,,,
1938/04,,,,,,,,,,,,,,,,,
1938/05,,,,,,,,,,,,,,,,,
1938/06,,,,,,,,,,,,,,,,,
1938/07,,,,,,,,,,,,,,,,,
1938/08,,,,,,,,,,,,,,,,,
1938/09,,,,,,,,,,,,,,,,,
1938/10,,,,,,,,,,,,,,,,,
1938/11,,,,,,,,,,,,,,,,,
1938/12,,,,,,,,,,,,,,,,,
1939/01,,,,,,,,,,,,,,,,,
1939/02,,,,,,,,,,,,,,,,,
1939/03,,,,,,,,,,,,,,,,,
1939/04,,,,,,,,,,,,,,,,,
1939/05,,,,,,,,,,,,,,,,,
1939/06,,,,,,,,,,,,,,,,,
1939/07,,,,,,,,,,,,,,,,,
1939/08,,,,,,,,,,,,,,,,,
1939/09,,,,,,,,,,,,,,,,,
1939/10,,,,,,,,,,,,,,,,,
1939/11,,,,,,,,,,,,,,,,,
1939/12,,,,,,,,,,,,,,,,,
1940/01,,,,,,,,,,,,,,,,,
1940/02,,,,,,,,,,,,,,,,,
1940/03,,,,,,,,,,,,,,,,,
1940/04,,,,,,,,,,,,,,,,,
1940/05,,,,,,,,,,,,,,,,,
1940/06,,,,,,,,,,,,,,,,,
1940/07,,,,,,,,,,,,,,,,,
1940/08,,,,,,,,,,,,,,,,,
1940/09,,,,,,,,,,,,,,,,,
1940/10,,,,,,,,,,,,,,,,,
1940/11,,,,,,,,,,,,,,,,,
1940/12,,,,,,,,,,,,,,,,,
1941/01,,,,,,,,,,,,,,,,,
1941/02,,,,,,,,,,,,,,,,,
1941/03,,,,,,,,,,,,,,,,,
1941/04,,,,,,,,,,,,,,,,,
1941/05,,,,,,,,,,,,,,,,,
1941/06,,,,,,,,,,,,,,,,,
1941/07,,,,,,,,,,,,,,,,,
1941/08,,,,,,,,,,,,,,,,,
1941/09,,,,,,,,,,,,,,,,,
1941/10,,,,,,,,,,,,,,,,,
1941/11,,,,,,,,,,,,,,,,,
1941/12,,,,,,,,,,,,,,,,,
1942/01,,,,,,,,,,,,,,,,,
1942/02,,,,,,,,,,,,,,,,,
1942/03,,,,,,,,,,,,,,,,,
1942/04,,,,,,,,,,,,,,,,,
1942/05,,,,,,,,,,,,,,,,,
1942/06,,,,,,,,,,,,,,,,,
1942/07,,,,,,,,,,,,,,,,,
1942/08,,,,,,,,,,,,,,,,,
1942/09,,,,,,,,,,,,,,,,,
1942/10,,,,,,,,,,,,,,,,,
1942/11,,,,,,,,,,,,,,,,,
1942/12,,,,,,,,,,,,,,,,,
1943/01,,,,,,,,,,,,,,,,,
1943/02,,,,,,,,,,,,,,,,,
1943/03,,,,,,,,,,,,,,,,,
1943/04,,,,,,,,,,,,,,,,,
1943/05,,,,,,,,,,,,,,,,,
1943/06,,,,,,,,,,,,,,,,,
1943/07,,,,,,,,,,,,,,,,,
1943/08,,,,,,,,,,,,,,,,,
1943/09,,,,,,,,,,,,,,,,,
1943/10,,,,,,,,,,,,,,,,,
1943/11,,,,,,,,,,,,,,,,,
1943/12,,,,,,,,,,,,,,,,,
1944/01,,,,,,,,,,,,,,,,,
1944/02,,,,,,,,,,,,,,,,,
1944/03,,,,,,,,,,,,,,,,,
1944/04,,,,,,,,,,,,,,,,,
1944/05,,,,,,,,,,,,,,,,,
1944/06,,,,,,,,,,,,,,,,,
1944/07,,,,,,,,,,,,,,,,,
1944/08,,,,,,,,,,,,,,,,,
1944/09,,,,,,,,,,,,,,,,,
1944/10,,,,,,,,,,,,,,,,,
1944/11,,,,,,,,,,,,,,,,,
1944/12,,,,,,,,,,,,,,,,,
1945/01,,,,,,,,,,,,,,,,,
1945/02,,,,,,,,,,,,,,,,,
1945/03,,,,,,,,,,,,,,,,,
1945/04,,,,,,,,,,,,,,,,,
1945/05,,,,,,,,,,,,,,,,,
1945/06,,,,,,,,,,,,,,,,,
1945/07,,,,,,,,,,,,,,,,,
1945/08,,,,,,,,,,,,,,,,,
1945/09,,,,,,,,,,,,,,,,,
1945/10,,,,,,,,,,,,,,,,,
1945/11,,,,,,,,,,,,,,,,,
1945/12,,,,,,,,,,,,,,,,,
1946/01,,,,,,,,,,,,,,,,,
1946/02,,,,,,,,,,,,,,,,,
1946/03,,,,,,,,,,,,,,,,,
1946/04,,,,,,,,,,,,,,,,,
1946/05,,,,,,,,,,,,,,,,,
1946/06,,,,,,,,,,,,,,,,,
1946/07,,,,,,,,,,,,,,,,,
1946/08,,,,,,,,,,,,,,,,,
1946/09,,,,,,,,,,,,,,,,,
1946/10,,,,,,,,,,,,,,,,,
1946/11,,,,,,,,,,,,,,,,,
1946/12,,,,,,,,,,,,,,,,,
1947/01,,,,,,,,,,,,,,,,,
1947/02,,,,,,,,,,,,,,,,,
1947/03,,,,,,,,,,,,,,,,,
1947/04,,,,,,,,,,,,,,,,,
1947/05,,,,,,,,,,,,,,,,,
1947/06,,,,,,,,,,,,,,,,,
1947/07,,,,,,,,,,,,,,,,,
1947/08,,,,,,,,,,,,,,,,,
1947/09,,,,,,,,,,,,,,,,,
1947/10,,,,,,,,,,,,,,,,,
1947/11,,,,,,,,,,,,,,,,,
1947/12,,,,,,,,,,,,,,,,,
1948/01,,,,,,,,,,,,,,,,,
1948/02,,,,,,,,,,,,,,,,,
1948/03,,,,,,,,,,,,,,,,,
1948/04,,,,,,,,,,,,,,,,,
1948/05,,,,,,,,,,,,,,,,,
1948/06,,,,,,,,,,,,,,,,,
1948/07,,,,,,,,,,,,,,,,,
1948/08,,,,,,,,,,,,,,,,,
1948/09,,,,,,,,,,,,,,,,,
1948/10,,,,,,,,,,,,,,,,,
1948/11,,,,,,,,,,,,,,,,,
1948/12,,,,,,,,,,,,,,,,,
1949/01,,,,,,,,,,,,,,,,,
1949/02,,,,,,,,,,,,,,,,,
1949/03,,,,,,,,,,,,,,,,,
1949/04,,,,,,,,,,,,,,,,,
1949/05,,,,,,,,,,,,,,,,,
1949/06,,,,,,,,,,,,,,,,,
1949/07,,,,,,,,,,,,,,,,,
1949/08,,,,,,,,,,,,,,,,,
1949/09,,,,,,,,,,,,,,,,,
1949/10,,,,,,,,,,,,,,,,,
1949/11,,,,,,,,,,,,,,,,,
1949/12,,,,,,,,,,,,,,,,,
1950/01,,,,,,,,,,,,,,,,,
1950/02,,,,,,,,,,,,,,,,,
1950/03,,,,,,,,,,,,,,,,,
1950/04,,,,,,,,,,,,,,,,,
1950/05,,,,,,,,,,,,,,,,,
1950/06,,,,,,,,,,,,,,,,,
1950/07,,,,,,,,,,,,,,,,,
1950/08,,,,,,,,,,,,,,,,,
1950/09,,,,,,,,,,,,,,,,,
1950/10,,,,,,,,,,,,,,,,,
1950/11,,,,,,,,,,,,,,,,,
1950/12,,,,,,,,,,,,,,,,,
1951/01,,,,,,,,,,,,,,,,,
1951/02,,,,,,,,,,,,,,,,,
1951/03,,,,,,,,,,,,,,,,,
1951/04,,,,,,,,,,,,,,,,,
1951/05,,,,,,,,,,,,,,,,,
1951/06,,,,,,,,,,,,,,,,,
1951/07,,,,,,,,,,,,,,,,,
1951/08,,,,,,,,,,,,,,,,,
1951/09,,,,,,,,,,,,,,,,,
1951/10,,,,,,,,,,,,,,,,,
1951/11,,,,,,,,,,,,,,,,,
1951/12,,,,,,,,,,,,,,,,,
1952/01,,,,,,,,,,,,,,,,,
1952/02,,,,,,,,,,,,,,,,,
1952/03,,,,,,,,,,,,,,,,,
1952/04,,,,,,,,,,,,,,,,,
1952/05,,,,,,,,,,,,,,,,,
1952/06,,,,,,,,,,,,,,,,,
1952/07,,,,,,,,,,,,,,,,,
1952/08,,,,,,,,,,,,,,,,,
1952/09,,,,,,,,,,,,,,,,,
1952/10,,,,,,,,,,,,,,,,,
1952/11,,,,,,,,,,,,,,,,,
1952/12,,,,,,,,,,,,,,,,,
1953/01,,,,,,,,,,,,,,,,,
1953/02,,,,,,,,,,,,,,,,,
1953/03,,,,,,,,,,,,,,,,,
1953/04,,,,,,,,,,,,,,,,,
1953/05,,,,,,,,,,,,,,,,,
1953/06,,,,,,,,,,,,,,,,,
1953/07,,,,,,,,,,,,,,,,,
1953/08,,,,,,,,,,,,,,,,,
1953/09,,,,,,,,,,,,,,,,,
1953/10,,,,,,,,,,,,,,,,,
1953/11,,,,,,,,,,,,,,,,,
1953/12,,,,,,,,,,,,,,,,,
1954/01,,,,,,,,,,,,,,,,,
1954/02,,,,,,,,,,,,,,,,,
1954/03,,,,,,,,,,,,,,,,,
1954/04,,,,,,,,,,,,,,,,,
1954/05,,,,,,,,,,,,,,,,,
1954/06,,,,,,,,,,,,,,,,,
1954/07,,,,,,,,,,,,,,,,,
1954/08,,,,,,,,,,,,,,,,,
1954/09,,,,,,,,,,,,,,,,,
1954/10,,,,,,,,,,,,,,,,,
1954/11,,,,,,,,,,,,,,,,,
1954/12,,,,,,,,,,,,,,,,,
1955/01,,,,,,,,,,,,,,,,,
1955/02,,,,,,,,,,,,,,,,,
1955/03,,,,,,,,,,,,,,,,,
1955/04,,,,,,,,,,,,,,,,,
1955/05,,,,,,,,,,,,,,,,,
1955/06,,,,,,,,,,,,,,,,,
1955/07,,,,,,,,,,,,,,,,,
1955/08,,,,,,,,,,,,,,,,,
1955/09,,,,,,,,,,,,,,,,,
1955/10,,,,,,,,,,,,,,,,,
1955/11,,,,,,,,,,,,,,,,,
1955/12,,,,,,,,,,,,,,,,,
1956/01,,,,,,,,,,,,,,,,,
1956/02,,,,,,,,,,,,,,,,,
1956/03,,,,,,,,,,,,,,,,,
1956/04,,,,,,,,,,,,,,,,,
1956/05,,,,,,,,,,,,,,,,,
1956/06,,,,,,,,,,,,,,,,,
1956/07,,,,,,,,,,,,,,,,,
1956/08,,,,,,,,,,,,,,,,,
1956/09,,,,,,,,,,,,,,,,,
1956/10,,,,,,,,,,,,,,,,,
1956/11,,,,,,,,,,,,,,,,,
1956/12,,,,,,,,,,,,,,,,,
1957/01,,,,,,,,,,,,,,,,,
1957/02,,,,,,,,,,,,,,,,,
1957/03,,,,,,,,,,,,,,,,,
1957/04,,,,,,,,,,,,,,,,,
1957/05,,,,,,,,,,,,,,,,,
1957/06,,,,,,,,,,,,,,,,,
1957/07,,,,,,,,,,,,,,,,,
1957/08,,,,,,,,,,,,,,,,,
1957/09,,,,,,,,,,,,,,,,,
1957/10,,,,,,,,,,,,,,,,,
1957/11,,,,,,,,,,,,,,,,,
1957/12,,,,,,,,,,,,,,,,,
1958/01,,,,,,,,,,,,,,,,,
1958/02,,,,,,,,,,,,,,,,,
1958/03,,,,,,,,,,,,,,,,,
1958/04,,,,,,,,,,,,,,,,,
1958/05,,,,,,,,,,,,,,,,,
1958/06,,,,,,,,,,,,,,,,,
1958/07,,,,,,,,,,,,,,,,,
1958/08,,,,,,,,,,,,,,,,,
1958/09,,,,,,,,,,,,,,,,,
1958/10,,,,,,,,,,,,,,,,,
1958/11,,,,,,,,,,,,,,,,,
1958/12,,,,,,,,,,,,,,,,,
1959/01,,,,,,,,,,,,,,,,,
1959/02,,,,,,,,,,,,,,,,,
1959/03,,,,,,,,,,,,,,,,,
1959/04,,,,,,,,,,,,,,,,,
1959/05,,,,,,,,,,,,,,,,,
1959/06,,,,,,,,,,,,,,,,,
1959/07,,,,,,,,,,,,,,,,,
1959/08,,,,,,,,,,,,,,,,,
1959/09,,,,,,,,,,,,,,,,,
1959/10,,,,,,,,,,,,,,,,,
1959/11,,,,,,,,,,,,,,,,,
1959/12,,,,,,,,,,,,,,,,,
1960/01,,,,,,,,,,,,,,,,,
1960/02,,,,,,,,,,,,,,,,,
1960/03,,,,,,,,,,,,,,,,,
1960/04,,,,,,,,,,,,,,,,,
1960/05,,,,,,,,,,,,,,,,,
1960/06,,,,,,,,,,,,,,,,,
1960/07,,,,,,,,,,,,,,,,,
1960/08,,,,,,,,,,,,,,,,,
1960/09,,,,,,,,,,,,,,,,,
1960/10,,,,,,,,,,,,,,,,,
1960/11,,,,,,,,,,,,,,,,,
1960/12,,,,,,,,,,,,,,,,,
1961/01,,,,,,,,,,,,,,,,,
1961/02,,,,,,,,,,,,,,,,,
1961/03,,,,,,,,,,,,,,,,,
1961/04,,,,,,,,,,,,,,,,,
1961/05,,,,,,,,,,,,,,,,,
1961/06,,,,,,,,,,,,,,,,,
1961/07,,,,,,,,,,,,,,,,,
1961/08,,,,,,,,,,,,,,,,,
1961/09,,,,,,,,,,,,,,,,,
1961/10,,,,,,,,,,,,,,,,,
1961/11,,,,,,,,,,,,,,,,,
1961/12,,,,,,,,,,,,,,,,,
1962/01,,,,,,,,,,,,,,,,,
1962/02,,,,,,,,,,,,,,,,,
1962/03,,,,,,,,,,,,,,,,,
1962/04,,,,,,,,,,,,,,,,,
1962/05,,,,,,,,,,,,,,,,,
1962/06,,,,,,,,,,,,,,,,,
1962/07,,,,,,,,,,,,,,,,,
1962/08,,,,,,,,,,,,,,,,,
1962/09,,,,,,,,,,,,,,,,,
1962/10,,,,,,,,,,,,,,,,,
1962/11,,,,,,,,,,,,,,,,,
1962/12,,,,,,,,,,,,,,,,,
1963/01,,,,,,,,,,,,,,,,,
1963/02,,,,,,,,,,,,,,,,,
1963/03,,,,,,,,,,,,,,,,,
1963/04,,,,,,,,,,,,,,,,,
1963/05,,,,,,,,,,,,,,,,,
1963/06,,,,,,,,,,,,,,,,,
1963/07,,,,,,,,,,,,,,,,,
1963/08,,,,,,,,,,,,,,,,,
1963/09,,,,,,,,,,,,,,,,,
1963/10,,,,,,,,,,,,,,,,,
1963/11,,,,,,,,,,,,,,,,,
1963/12,,,,,,,,,,,,,,,,,
1964/01,,,,,,,,,,,,,,,,,
1964/02,,,,,,,,,,,,,,,,,
1964/03,,,,,,,,,,,,,,,,,
1964/04,,,,,,,,,,,,,,,,,
1964/05,,,,,,,,,,,,,,,,,
1964/06,,,,,,,,,,,,,,,,,
1964/07,,,,,,,,,,,,,,,,,
1964/08,,,,,,,,,,,,,,,,,
1964/09,,,,,,,,,,,,,,,,,
1964/10,,,,,,,,,,,,,,,,,
1964/11,,,,,,,,,,,,,,,,,
1964/12,,,,,,,,,,,,,,,,,
1965/01,,,,,,,,,,,,,,,,,
1965/02,,,,,,,,,,,,,,,,,
1965/03,,,,,,,,,,,,,,,,,
1965/04,,,,,,,,,,,,,,,,,
1965/05,,,,,,,,,,,,,,,,,
1965/06,,,,,,,,,,,,,,,,,
1965/07,,,,,,,,,,,,,,,,,
1965/08,,,,,,,,,,,,,,,,,
1965/09,,,,,,,,,,,,,,,,,
1965/10,,,,,,,,,,,,,,,,,
1965/11,,,,,,,,,,,,,,,,,
1965/12,,,,,,,,,,,,,,,,,
1966/01,,,,,,,,,,,,,,,,,
1966/02,,,,,,,,,,,,,,,,,
1966/03,,,,,,,,,,,,,,,,,
1966/04,,,,,,,,,,,,,,,,,
1966/05,,,,,,,,,,,,,,,,,
1966/06,,,,,,,,,,,,,,,,,
1966/07,,,,,,,,,,,,,,,,,
1966/08,,,,,,,,,,,,,,,,,
1966/09,,,,,,,,,,,,,,,,,
1966/10,,,,,,,,,,,,,,,,,
1966/11,,,,,,,,,,,,,,,,,
1966/12,,,,,,,,,,,,,,,,,
1967/01,,,,,,,,,,,,,,,,,
1967/02,,,,,,,,,,,,,,,,,
1967/03,,,,,,,,,,,,,,,,,
1967/04,,,,,,,,,,,,,,,,,
1967/05,,,,,,,,,,,,,,,,,
1967/06,,,,,,,,,,,,,,,,,
1967/07,,,,,,,,,,,,,,,,,
1967/08,,,,,,,,,,,,,,,,,
1967/09,,,,,,,,,,,,,,,,,
1967/10,,,,,,,,,,,,,,,,,
1967/11,,,,,,,,,,,,,,,,,
1967/12,,,,,,,,,,,,,,,,,
1968/01,,,,,,,,,,,,,,,,,
1968/02,,,,,,,,,,,,,,,,,
1968/03,,,,,,,,,,,,,,,,,
1968/04,,,,,,,,,,,,,,,,,
1968/05,,,,,,,,,,,,,,,,,
1968/06,,,,,,,,,,,,,,,,,
1968/07,,,,,,,,,,,,,,,,,
1968/08,,,,,,,,,,,,,,,,,
1968/09,,,,,,,,,,,,,,,,,
1968/10,,,,,,,,,,,,,,,,,
1968/11,,,,,,,,,,,,,,,,,
1968/12,,,,,,,,,,,,,,,,,
1969/01,,,,,,,,,,,,,,,,,
1969/02,,,,,,,,,,,,,,,,,
1969/03,,,,,,,,,,,,,,,,,
1969/04,,,,,,,,,,,,,,,,,
1969/05,,,,,,,,,,,,,,,,,
1969/06,,,,,,,,,,,,,,,,,
1969/07,,,,,,,,,,,,,,,,,
1969/08,,,,,,,,,,,,,,,,,
1969/09,,,,,,,,,,,,,,,,,
1969/10,,,,,,,,,,,,,,,,,
1969/11,,,,,,,,,,,,,,,,,
1969/12,,,,,,,,,,,,,,,,,
1970/01,,,,,,,,,,,,,,,,,
1970/02,,,,,,,,,,,,,,,,,
1970/03,,,,,,,,,,,,,,,,,
1970/04,,,,,,,,,,,,,,,,,
1970/05,,,,,,,,,,,,,,,,,
1970/06,,,,,,,,,,,,,,,,,
1970/07,,,,,,,,,,,,,,,,,
1970/08,,,,,,,,,,,,,,,,,
1970/09,,,,,,,,,,,,,,,,,
1970/10,,,,,,,,,,,,,,,,,
1970/11,,,,,,,,,,,,,,,,,
1970/12,,,,,,,,,,,,,,,,,
1971/01,,,,,,,,,,-0.59,,,,,,,
1971/02,,,,,,,,,,-1,,,,,,,
1971/03,,,,,,,,,,-1.37,,,,,,,
1971/04,,,,,,,,,,-1.73,,,,,,,
1971/05,,,,,,,,,,-2.44,,,,,,,
1971/06,,,,,,,,,,-2.22,,,,,,,
1971/07,,,,,,,,,,-2.9,,,,,,,
1971/08,,,,,,,,,,NA,,,,,,,
1971/09,,,,,,,,,,-8.62,,,,,,,
1971/10,,,,,,,,,,-7.95,,,,,,,
1971/11,,,,,,,,,,-12.01,,,,,,,
1971/12,,,,,,,,,,-3.88,,,,,,,
1972/01,,,,,,,,,,-3.21,,,,,,,
1972/02,,,,,,,,,,-3.15,,,,,,,
1972/03,,,,,,,,,,-7.08,,,,,,,
1972/04,,,,,,,,,,-3.83,,,,,,,
1972/05,,,,,,,,,,-1.82,,,,,,,
1972/06,,,,,,,,,,-5.91,,,,,,,
1972/07,,,,,,,,,,-7.05,,,,,,,
1972/08,,,,,,,,,,-6.56,,,,,,,
1972/09,,,,,,,,,,-5.17,,,,,,,
1972/10,,,,,,,,,,-14.34,,,,,,,
1972/11,,,,,,,,,,-8.32,,,,,,,
1972/12,,,,,,,,,,-8.99,,,,,,,
1973/01,301.15,301.93,,,,,,,,-5.96,,,,,,,
1973/02,270,279.48,,,,,,,,NA,,,,,,,
1973/03,265.83,265.26,,,,,,,,-8.41,,,,,,,
1973/04,265.5,265.52,,,,,,,,-2.07,,,,,,,
1973/05,264.95,264.73,,,,,,,,-3.56,,,,,,,
1973/06,265.3,264.7,,,,,,,,-6.66,,,,,,,
1973/07,263.45,264.41,,,,,,,,-11.75,,,,,,,
1973/08,265.3,265.11,,,,,,,,-3.95,,,,,,,
1973/09,265.7,265.49,,,,,,,,-1.88,,,,,,,
1973/10,266.68,266.32,,,,,,,,7.75,,,,,,,
1973/11,279,277.05,,,,,,,,17.14,,,,,,,
1973/12,280,280,,,,,,,,31.43,,,,,,,
1974/01,299,298.64,,,,,,,,14.05,,,,,,,
1974/02,287.6,291.24,,,,,,,,23.92,,,,,,,
1974/03,276,282.58,,,,,,,,26.9,,,,,,,
1974/04,279.75,277.78,,,,,,,,5.15,,,,,,,
1974/05,281.9,278.93,,,,,,,,1.99,,,,,,,
1974/06,284.1,283.05,,,,,,,,-0.73,,,,,,,
1974/07,297.8,290.91,,,,,,,,-2.48,,,,,,,
1974/08,302.7,302.22,,,,,,,,0.59,,,,,,,
1974/09,298.5,299.63,,,,,,,,1.88,,,,,,,
1974/10,299.85,299.48,,,,,,,,2.39,,,,,,,
1974/11,300.1,300.1,,,,,,,,2.86,,,,,,,
1974/12,300.95,300.44,,,,,,,,3.6,,,,,,,
1975/01,297.85,299.64,,,,,,,,0.29,,,,,,,
1975/02,286.6,292.17,,,,,,,,0.14,,,,,,,
1975/03,293.8,288.03,,,,,,,,-0.54,,,,,,,
1975/04,293.3,292.12,,,,,,,,-2.25,,,,,,,
1975/05,291.35,291.47,,,,,,,,0,,,,,,,
1975/06,296.35,293.57,,,,,,,,-0.34,,,,,,,
1975/07,297.35,296.22,,,,,,,,-0.47,,,,,,,
1975/08,297.9,297.93,,,,,,,,1.88,,,,,,,
1975/09,302.7,299.68,,,,,,,,5.82,,,,,,,
1975/10,301.8,302.38,,,,,,,,1.19,,,,,,,
1975/11,303,302.53,,,,,,,,1.25,,,,,,,
1975/12,305.15,305.7,,,,,,,,1.44,,,,,,,
1976/01,303.7,304.66,,,,,,,,0,,,,,,,
1976/02,302.25,301.9,,,,,,,,0.13,,,,,,,
1976/03,299.7,300.6,,,,,,,,0.91,,,,,,,
1976/04,299.4,299.1,,,,,,,,0.24,,,,,,,
1976/05,299.95,299.06,,,,,,,,0.73,,,,,,,
1976/06,297.4,299.4,,,,,,,,0.34,,,,,,,
1976/07,293.4,294.77,,,,,,,,0.55,,,,,,,
1976/08,288.76,290.77,,,,,,,,0.96,,,,,,,
1976/09,287.3,287.58,,,,,,,,1.18,,,,,,,
1976/10,293.7,290.99,,,,,,,,0.92,,,,,,,
1976/11,296.45,295.09,,,,,,,,0.67,,,,,,,
1976/12,293,294.65,,,,,,,,NA,,,,,,,
1977/01,288.25,290.94,,,,,,,,0.76,,,,,,,
1977/02,283.25,285.22,,,,,,,,1.27,,,,,,,
1977/03,277.3,280.41,,,,,,,,1.51,,,,,,,
1977/04,277.5,275.14,,,,,,,,0.5,,,,,,,
1977/05,277.3,277.53,,,,,,,,-0.14,,,,,,,
1977/06,266.5,272.97,,,,,,,,0.3,,,,,,,
1977/07,266.3,264.9,,,,,,,,-0.12,,,,,,,
1977/08,267.43,266.63,,,,,,,,-0.82,,,,,,,
1977/09,264.5,266.95,,,,,,,,-1.97,,,,,,,
1977/10,250.65,255.32,,,,,,,,-2.96,,,,,,,
1977/11,244.2,244.7,,,,,,,,-3.11,,,,,,,
1977/12,240,241.28,,,,,,,,-5.08,,,,,,,
1978/01,241.74,241.21,,,,,,,,-4.14,,,,,,,
1978/02,238.83,240.31,,,,,,,,-4.43,,,,,,,
1978/03,223.4,231.42,,,,,,,,-5.72,,,,,,,
1978/04,223.9,221.61,,,,,,,,-5.35,,,,,,,
1978/05,223.15,226.34,,,,,,,,-4.92,,,,,,,
1978/06,204.5,214.38,,,,,,,,-5.57,,,,,,,
1978/07,190.8,199.95,,,,,,,,-6.39,,,,,,,
1978/08,190,188.5,,,,,,,,-6,,,,,,,
1978/09,189.15,190.16,,,,,,,,-6.66,,,,,,,
1978/10,176.05,183.95,,,,,,,,-8.29,,,,,,,
1978/11,197.8,191.33,,,,,,,,-10.21,,,,,,,
1978/12,195.1,196.12,,,,,,,,-10.86,,,,,,,
1979/01,201.4,197.78,,,,,,,,-7.74,,,,,,,
1979/02,202.35,200.53,,,,,,,,-7.31,,,,,,,
1979/03,209.3,206.21,,,,,,,,-4.01,,,,,,,
1979/04,219.15,215.83,,,,,,,,-5.29,,,,,,,
1979/05,219.7,218.14,,,,,,,,-4.91,,,,,,,
1979/06,217,218.85,,,,,,,,-4.7,,,,,,,
1979/07,216.9,216.44,,,,,,,,-4.97,,,,,,,
1979/08,220.05,217.9,,,,,,,,-4.9,,,,,,,
1979/09,223.45,222.22,,,,,,,,-5.45,,,,,,,
1979/10,237.8,230.36,,,,,,,,-7.73,,,,,,,
1979/11,249.5,244.86,,,,,,,,-4.88,,,,,,,
1979/12,239.9,240.65,,,,,,,,-5.58,,,,,,,
1980/01,238.8,237.73,,,,,,,,-5.52,,,,,,,
1980/02,249.8,244.07,,,,,,,,-6,,,,,,,
1980/03,249.7,248.61,,,,,,,,-3.68,,,,,,,
1980/04,238.3,251.45,,,,,,,,-1.34,,,,,,,
1980/05,224.4,228.06,,,,,,,,2.67,,,,,,,
1980/06,218.15,218.11,,,,,,,,2.75,,,,,,,
1980/07,226.85,220.91,,,,,,,,3.17,,,,,,,
1980/08,219.2,224.34,,,,,,,,-0.27,,,,,,,
1980/09,212,214.95,,,,,,,,-1.32,,,,,,,
1980/10,211.75,209.21,,,,,,,,-5,,,,,,,
1980/11,216.75,212.99,,,,,,,,-7.56,,,,,,,
1980/12,203.6,209.79,,,,,,,,-8.15,,,,,,,
1981/01,205.2,202.19,,,,,1029,,,-8.77,,,,,,,
1981/02,208.85,205.76,,,,,1014,,,-8.04,,,,,,,
1981/03,211.4,208.84,,,,,1011,,,-7,,,,,,,
1981/04,215,215.07,,,,,1082,,,-9.2,,,,,,,
1981/05,223.5,220.78,,,,,1234,,,-10.02,,,,,,,
1981/06,225.75,224.21,,,,,1322,,,-10.27,,,,,,,
1981/07,239.75,232.11,,,,,1280,,,-11.59,,,,,,,
1981/08,228.75,233.62,,,,,1382,,,-11.01,,,,,,,
1981/09,231.55,229.83,,,,,1263,,,-9.62,,,,,,,
1981/10,233.35,231.4,,,,,1178,,,-8.41,,,,,,,
1981/11,214.15,223.76,,,,,1373,,,-4.54,,,,,,,
1981/12,220.25,219.02,,,,,1060,,,-7.1,,,,,,,
1982/01,228.45,224.55,,,,,1306,,,-8.16,,,,,,,
1982/02,235.2,235.25,,,,,1664,,,-8.26,,,,,,,
1982/03,248.3,240.64,,,,,1586,,,-8.48,,,,,,,
1982/04,236.3,244.9,,,,,1412,,,-7.63,,,,,,,
1982/05,243.7,236.97,,,,,1337,,,-7.24,,,,,,,
1982/06,255.55,251.11,,,,,1736,,,-8.38,,,,,,,
1982/07,256.65,255.1,,,,,1312,,,-5.97,,,,,,,
1982/08,259.6,258.67,,,,,1495,,,-4.32,,,,,,,
1982/09,269.4,262.74,,,,,1326,,,-4.13,,,,,,,
1982/10,277.4,271.33,,,,,1394,,,-3,,,,,,,
1982/11,253.45,265.02,,,,,1677,,,-2.48,,,,,,,
1982/12,235.3,242.49,,,,,1347,,,-2.41,,,,,,,
1983/01,238.4,232.9,,,,,1608,,,-2.63,,,,,,,
1983/02,235.55,236.27,,,,,1333,,,-2.13,,,,,,,
1983/03,239.3,237.92,,,,,1213,,,-3.1,,,,,,,
1983/04,237.7,237.7,,,,,1152,,,-2.7,,,,,,,
1983/05,238.6,234.78,,,,,1341,,,-2.97,,,,,,,
1983/06,239.8,240.06,,,,,1472,,,-3.15,,,,,,,
1983/07,241.5,240.49,,,,,1206,,,-3.61,,,,,,,
1983/08,246.75,244.36,,,,,1347,,,-3.47,,,,,,,
1983/09,236.1,242.71,,,,,1304,,,-2.79,,,,,,,
1983/10,233.65,233,,,,,1563,,,-3.26,,,,,,,
1983/11,234.2,235.25,,,,,1407,,,-2.91,,,,,,,
1983/12,232,234.34,,,,,1433,,,-3.37,,,,,,,
1984/01,234.74,233.95,,,,,1078,,,-3.35,,,,,,,
1984/02,233.28,233.67,,,,,1187,,,-3.57,,,,,,,
1984/03,224.75,225.52,,,,,1884,,,-4.24,,,,,,,
1984/04,226.3,224.95,,,,,1295,,,-4.61,,,,,,,
1984/05,231.63,230.67,,,,,1778,,,-5.36,,,,,,,
1984/06,237.45,233.29,,,,,1737,,,-5.84,,,,,,,
1984/07,245.45,242.72,,,,,1741,,,-5.46,,,,,,,
1984/08,241.7,242.24,,,,,1475,,,-5.49,,,,,,,
1984/09,245.4,245.19,,,,,1698,,,-4.9,,,,,,,
1984/10,245.3,246.89,,,,,1591,,,-3.71,,,,,,,
1984/11,246.5,243.29,,,,,1511,,,-2.79,,,,,,,
1984/12,251.58,247.96,,,,,1134,,,-2.61,,,,,,,
1985/01,254.78,254.11,,,,,1448,,,-2.18,,,,,,,
1985/02,259,260.34,,,,,2062,,,-3.03,,,,,,,
1985/03,250.7,258.43,,,,,1751,,,-2.67,,,,,,,
1985/04,251.4,251.67,,,,,1700,,,-2.46,,,,,,,
1985/05,251.78,251.57,,,,,1509,,,-1.44,,,,,,,
1985/06,248.95,248.95,,,,,1654,,,-1.54,,,,,,,
1985/07,236.65,241.7,,,,,1928,,,-1.88,,,,,,,
1985/08,237.1,237.2,,,,,1321,,,-1.66,,,,,,,
1985/09,216,236.91,,,,,2340,,,-1.63,,,,,,,
1985/10,211.8,214.84,,,,,2330,,,-0.35,,,,,,,
1985/11,202.05,203.85,,,,,2731,,,-0.46,,,,,,,
1985/12,200.6,202.75,,,,,1670,,,-1.13,,,,,,,
1986/01,192.65,200.05,,,,,2718,5119,,-1.79,,,,,,,
1986/02,180.45,184.62,,,,,3847,5313,,-1.89,,,,,,,
1986/03,179.65,178.83,,,,,3255,6737,,-2.21,,,,,,,
1986/04,168.1,175.56,,,,,3773,6696,,-2.07,,,,,,,
1986/05,172.05,166.89,,,,,4041,6537,,-2.28,,,,,,,
1986/06,163.95,167.82,,,,,4099,6559,,-2.25,,,,,,,
1986/07,154.15,158.65,,,,,4410,6711,,-1.73,,,,,,,
1986/08,156.05,154.11,,,,,3092,6818,,-0.92,,,,,,,
1986/09,153.63,154.78,,,,,3805,8429,,-1.15,,,,,,,
1986/10,161.45,156.04,,,,,3498,6917,,-1.37,,,,,,,
1986/11,162.2,162.72,,,,,3883,7051,,-1.6,,,,,,,
1986/12,160.1,162.13,,,,,2618,7537,,-2.02,,,,,,,
1987/01,152.3,154.48,,,,,5611,8180,,-2.03,,,,,,,
1987/02,153.15,153.49,,,,,3701,8427,,-2.17,,,,,,,
1987/03,145.65,151.56,,,,,4153,7974,,-2.67,,,,,,,
1987/04,139.65,142.96,,,,,6494,9420,,-3.15,,,,,,,
1987/05,144.15,140.47,,,,,4567,10147,,-3.41,,,,,,,
1987/06,146.75,144.52,,,,,6156,9078,,-3.19,,,,,,,
1987/07,149.25,150.2,,,,,6392,9695,,-3.07,,,,,,,
1987/08,142.35,147.57,,,,,5491,9510,,-3.24,,,,,,,
1987/09,146.35,143.03,,,,,5856,11079,,-3.47,,,,,,,
1987/10,138.55,143.48,,,,,6381,11187,,-3.2,,,,,,,
1987/11,132.45,135.25,,,,,5604,10950,,-3.54,,,,,,,
1987/12,122,128.25,,,,,4387,10522,,-3.15,,,,,,,
1988/01,127.18,127.44,,,,,6495,10168,,-2.74,,,,,,,
1988/02,128.12,129.26,,,,,4831,10247,,-2.53,,,,,,,
1988/03,124.5,127.23,,,,,4757,12876,,-2.74,,,,,,,
1988/04,124.82,124.88,,,,,4370,12067,,-3.23,,,,,,,
1988/05,124.8,124.74,,,,,3474,11058,,-3.59,,,,,,,
1988/06,132.2,127.2,,,,,7158,12076,,-3.48,,,,,,,
1988/07,132.53,133.1,,,,,7218,12126,,-3.68,,,,,,,
1988/08,134.97,133.63,,,,,4401,11028,,-3.69,,,,,,,
1988/09,134.3,134.45,,,,,5397,13099,,-3.78,,,,,,,
1988/10,125,128.85,,,,,7065,12708,,-4.11,,,,,,,
1988/11,121.85,123.16,,,,,6583,11841,,-4.79,,,,,,,
1988/12,125.9,123.63,,,,,4798,12215,,-4.6,,,,,,,
1989/01,129.13,127.24,,,,,7400,13774,,-4.81,,,,,1.8646,,
1989/02,127.15,127.77,,,,,6416,12561,,-5.56,,,,,1.8296,,
1989/03,132.55,130.35,,,,,6532,14999,,-5.71,,,,,1.8927,,
1989/04,132.49,132.01,,,,,7112,14279,,-5.03,,,,,1.8783,,
1989/05,142.7,138.4,,,,,9647,14943,,-4.41,,,,,1.9858,,
1989/06,143.95,143.92,,,,,9275,14546,,-3.81,,,,,1.9525,,
1989/07,138.4,140.63,,,,,8320,13041,,-3.29,,,,,1.866,,
1989/08,144.28,141.2,,,,,6907,14076,,-3.44,,,,,1.9604,,
1989/09,139.35,145.06,,,,,9120,15047,,-3.57,,,,,1.8683,,
1989/10,142.15,141.99,,,,,8477,15693,,-2.23,,,,,1.8375,,
1989/11,142.9,143.55,,,,,6236,16124,,-1.89,,,,,1.7895,,
1989/12,143.4,143.62,,,,,5092,16319,,-1.55,,,,,1.6978,,
1990/01,144.4,145.09,,,,,7937,13974,,-1.3,,,,,1.6826,,
1990/02,148.52,145.54,,,,,7962,12741,,-0.99,,,,,1.6918,,
1990/03,157.65,153.19,,,,,11138,15932,,-1.13,,,,,1.6944,,
1990/04,159.08,158.5,,,,,8615,13466,,-1.42,,,,,1.6803,,
1990/05,151.75,153.52,,,,,11534,12961,,-1.03,,,,,1.691,,
1990/06,152.85,153.78,,,,,9051,12614,,-0.62,,,,,1.6715,,
1990/07,147.5,149.23,,,,,11608,13776,,-0.13,,,,,1.596,,
1990/08,144.5,147.46,,,,,10721,12880,,0.11,,,,,1.5622,,
1990/09,137.95,138.96,,,,,12069,16131,,0.11,,,,,1.5641,,1.8783
1990/10,129.35,129.73,,,,,12752,16185,,0.12,,,,,1.5191,,1.9435
1990/11,132.75,129.01,,,,,10921,15349,,-0.12,,,,,1.505,,1.9435
1990/12,135.4,133.72,,,,,7433,14681,,0.5,,,,,1.494,,1.9335
1991/01,131.4,133.65,,,,,9156,14834,,1.11,12.5,,12.2,,1.4765,,1.9665
1991/02,131.95,130.44,,,,,8295,13628,,1.21,10.5,,10.7,,1.5251,,1.9125
1991/03,140.55,137.09,,,,,10123,14884,,1.39,13.3,,12.3,,1.6985,,1.7473
1991/04,137.42,137.15,,,,,7826,11729,,1.84,11.6,,11.5,,1.708,,1.7315
1991/05,137.97,138.02,,,,,5493,11085,,1.61,8.4,,9.2,,1.7425,,1.6975
1991/06,138.15,139.83,,,,,7086,12150,,1.72,8.6,,9.2,,1.8105,,1.622
1991/07,137.83,137.98,,,,,5567,10557,,1.28,8.4,,8.8,,1.7435,,1.6855
1991/08,136.88,136.85,,,,,4102,9226,,1.56,7.3,,8.5,,1.747,,1.6809
1991/09,132.95,134.59,,,,,5329,12192,,0.85,8.9,,9.2,,1.6664,,1.749
1991/10,131,130.81,,,,,8812,12330,,0.9,9.3,,9.4,,1.672,,1.7395
1991/11,130.07,129.64,,,,,6081,10869,,1.14,8,,8.9,,1.6235,,1.7677
1991/12,125.25,128.07,,,,,5549,12209,,1.34,9.5,,9.5,,1.5175,,1.8675
1992/01,125.78,125.05,,,,,8051,11525,,1,10.1,,10.1,,1.6115,,1.7855
1992/02,129.33,127.53,,,,,5371,10562,,0.9,8.3,,8.9,,1.6388,,1.7572
1992/03,133.05,132.75,,,,,6829,11730,,0.48,9.4,,9.4,,1.643,,1.7365
1992/04,133.38,133.59,,,,,6733,9679,,0.62,7.3,,8.3,,1.6478,,1.7775
1992/05,128.33,130.55,,,,,6027,9876,,0.68,9.2,,9.3,,1.608,,1.8285
1992/06,125.55,126.9,,,,,5926,10631,,0.61,9.1,,9.1,,1.5227,,1.9045
1992/07,127.3,125.66,,,,,5640,10866,,0.6,8.4,,8.8,,1.4745,,1.9275
1992/08,123.42,126.34,122.9,126.31,122.69,128.1,4972,10649,0.135,0.43,9.8,,9.5,,1.4028,,1.988
1992/09,119.25,122.72,119.2,122.72,118.6,125.2,6489,12092,0.22,0.71,12.7,10.3,11.3,9.9,1.4113,,1.785
1992/10,123.35,121.14,123.2,121.04,118.9,123.35,5557,10083,0.04,0.12,10.5,11.3,10.3,10.6,1.5425,,1.5562
1992/11,124.75,123.84,124.7,123.87,122.15,124.88,3866,9174,-0.08,-0.26,8.4,9.1,9.2,9.5,1.5903,,1.5155
1992/12,124.65,123.98,124.75,124.03,122.9,125.05,2888,9412,0.085,0.27,7.4,7.7,8.8,8.9,1.6206,,1.5105
1993/01,124.3,125.02,124.6,125.01,123.62,125.95,4171,8932,0.076,0.23,7.5,7.3,8.4,8.5,1.6113,,1.487
1993/02,117.85,120.97,117.7,120.96,116.3,125.25,7329,11452,0.015,0.05,11,10.4,10.1,9.8,1.646,,1.427
1993/03,115.35,117.02,116.35,117.07,115.2,118.85,5539,11203,0.02,0.06,11.1,10.5,10.6,10.2,1.607,,1.5141
1993/04,111.1,112.37,111.15,112.45,109.9,115.22,6631,10496,0.005,0.01,10.9,10.4,10.6,10.2,1.585,,1.5735
1993/05,107.45,110.23,107.35,110.23,107.1,112.3,5213,9880,-0.025,-0.09,10.8,9.9,10.6,10,1.5875,,1.5612
1993/06,106.51,107.29,106.75,107.34,104.8,111.6,8051,10599,-0.013,-0.04,13.2,11.2,12,10.8,1.7049,,1.492
1993/07,105.6,107.77,105.9,107.73,105.6,110.23,5978,9317,-0.017,-0.06,13.8,13.4,12.4,12.2,1.742,,1.4819
1993/08,104.18,103.72,104.2,103.71,100.4,105.55,6874,9654,-0.125,-0.48,13.5,13.7,12.8,12.5,1.6765,,1.4919
1993/09,105.1,105.27,105.15,105.28,103.8,106.43,6229,10941,-0.228,-0.86,12.3,13.7,12.2,13,1.6345,,1.496
1993/10,108.23,106.94,108.2,106.92,104.92,108.85,5838,8955,-0.285,-1.04,9.1,10.5,10.2,10.9,1.687,,1.4815
1993/11,108.82,107.81,108.95,107.8,105.65,109.35,5514,10911,-0.348,-1.29,9.9,9.8,11.1,10.5,1.715,,1.4865
1993/12,111.89,109.72,111.85,109.7,107.57,112,4697,11275,-0.37,-1.34,10.2,9.4,11.4,10.9,1.7382,,1.477
1994/01,109.55,111.49,109.9,111.51,108.58,113.6,7578,9948,-0.255,-0.95,11.5,10,11.4,10.7,1.7342,,1.5055
1994/02,104.3,106.14,104.15,106.21,101.9,109.16,8452,9559,-0.37,-1.4,14.7,13.2,13,12.2,1.7042,,1.4855
1994/03,102.8,105.12,103.15,105.14,102.52,106.58,6748,9598,-0.425,-1.64,13.8,11.9,12.8,11.8,1.674,,1.4835
1994/04,102.38,103.48,102.5,103.53,102.3,105.85,5879,8102,-0.52,-1.97,11.8,11.9,11.9,12,1.6535,,1.519
1994/05,104.38,104,104.47,103.99,101.48,105.15,4929,8904,-0.65,-2.47,8.5,10,10.1,10.8,1.6458,,1.5105
1994/06,98.95,102.69,99.05,102.72,98.75,105.48,6083,10054,-0.663,-2.65,12.9,10.5,12.6,11.1,1.5873,,1.5439
1994/07,99.93,98.54,99.75,98.5,97.05,100.08,5666,7360,-0.665,-2.64,11.3,12.1,11.6,12,1.5829,,1.543
1994/08,99.57,99.86,99.55,99.85,97.55,101.47,5486,6673,-0.65,-2.61,10.7,10.6,11.4,11.2,1.5818,,1.5335
1994/09,98.59,98.79,98.45,98.81,97.63,100.29,4735,7582,-0.786,-3.16,12,11.1,11.7,11.5,1.5501,,1.58
1994/10,97.37,98.4,97.38,98.42,96.55,100.65,6101,7562,-0.802,-3.26,8.2,9.5,9.4,10,1.5033,,1.6354
1994/11,98.98,98,98.92,97.96,96.35,98.99,4071,6286,-0.93,-3.81,7.7,8.2,9.6,9.4,1.57,,1.5645
1994/12,99.83,100.17,99.74,100.13,98.83,100.75,4205,7480,-1.015,-4.12,8.2,7.4,9.6,9.5,1.5495,,1.5665
1995/01,98.58,99.79,98.55,99.75,98.42,101.3,5787,7677,-0.96,-3.99,9.1,9,10.1,10.1,1.5243,,1.58
1995/02,96.93,98.23,97.05,98.24,96.54,99.73,5052,6427,-0.955,-3.9,8.5,8.4,9.5,9.5,1.4622,,1.5835
1995/03,88.38,90.77,89.35,90.79,88.08,96.78,9353,12075,-0.985,-4.37,14.1,14.1,13.3,12.8,1.373,,1.6225
1995/04,83.77,83.53,83.75,83.67,79.75,87.23,9685,13757,-1.01,-4.79,15.2,17,15,15.4,1.387,,1.6125
1995/05,83.19,85.21,83.2,85.1,81.8,87.6,8704,12497,-1.06,-4.88,15,13.7,14.3,13.6,1.4165,,1.5875
1995/06,84.77,84.54,84.6,84.53,83.6,85.78,6817,13207,-1.023,-4.79,11.5,13.7,12.1,13.7,1.3815,,1.595
1995/07,88.17,87.24,88.43,87.22,84.52,89.18,9278,12947,-1.135,-5.1,12.4,11.8,13.1,12.5,1.386,,1.596
1995/08,97.46,94.56,99.1,94.55,87.86,99.4,11482,12331,-1.28,-5.26,16.1,14.9,16,15,1.4675,,1.5495
1995/09,98.18,100.31,98.3,100.49,96.85,104.7,13007,14109,-1.407,-5.63,18.5,16.2,16.4,15.5,1.4275,,1.5843
1995/10,101.9,100.68,101.7,100.65,99.38,102.2,8054,14208,-1.445,-5.62,13.8,14.8,14.6,14.7,1.4076,,1.5805
1995/11,101.66,101.89,101.55,101.92,100.2,104.05,7920,12442,-1.375,-5.43,11.9,12.8,14,14.2,1.4474,,1.5315
1995/12,102.91,101.86,102.83,101.85,100.96,103.1,4799,13111,-1.33,-5.17,11.6,11.7,13.6,13.8,1.4365,,1.5515
1996/01,106.92,105.81,107.25,105.84,104.1,107.58,10049,15781,-1.28,-4.84,10.5,10.8,11.6,12.3,1.4888,,1.513
1996/02,104.58,105.7,104.7,105.73,103.97,107.43,10218,13921,-1.22,-4.62,11.7,10.7,12.4,11.7,1.4728,,1.5321
1996/03,106.49,105.85,106.28,105.85,105.08,107.2,7207,14649,-1.305,-4.92,9.5,9.9,11.1,11.3,1.4763,,1.527
1996/04,104.29,107.4,104.8,107.46,104.05,109,10092,13945,-1.281,-4.87,11.4,8.8,11.6,10.1,1.5317,,1.5077
1996/05,108.37,106.49,108.2,106.51,104.62,108.93,9399,12065,-1.365,-5,8.8,8.6,9.4,9.6,1.5225,,1.5513
1996/06,109.88,108.82,109.42,108.86,107.42,109.95,11004,14174,-1.4,-5.07,7.8,8.6,8.9,9.6,1.5247,,1.553
1996/07,107.13,109.25,107.92,109.32,106.95,111.2,10600,13417,-1.416,-5.06,9,8,9.6,9,1.4728,,1.5566
1996/08,108.4,107.84,108.44,107.75,106.35,108.59,8430,11216,-1.373,-5.08,6.2,7.3,7.6,8.4,1.4808,,1.5628
1996/09,111.45,109.76,110.97,109.75,108.77,111.53,9807,13002,-1.509,-5.16,7.1,6.6,7.6,7.7,1.5249,,1.5655
1996/10,113.27,112.3,113.8,112.36,110.86,114.92,12415,12575,-1.448,-5.04,8.2,7,8.6,7.4,1.5185,,1.6265
1996/11,113.44,112.27,113.77,112.26,110.68,114.67,10916,12926,-1.423,-5.08,6.3,7.5,7.2,8,1.539,,1.682
1996/12,115.98,113.74,116,113.81,111.9,116.18,7356,13763,-1.465,-5.11,9.2,7.5,9.4,8.1,1.5415,,1.713
1997/01,122.13,118.18,122,118.02,114.9,122.75,13308,16526,-1.562,-5.13,12.4,9.7,11.9,9.8,1.6386,,1.603
1997/02,120.88,123.01,120.78,123.01,119.95,124.82,12149,13897,-1.545,-5.01,11.7,11.6,11.5,11.5,1.6895,,1.6285
1997/03,123.97,122.66,124.05,122.64,119.98,124.4,11244,14872,-1.639,-5.23,10.3,10.4,10.6,10.7,1.6759,,1.638
1997/04,126.92,125.47,126.85,125.51,121.89,127.16,11502,15121,-1.728,-5.21,8.5,9.5,8.8,9.8,1.7305,,1.6241
1997/05,116.43,118.91,116.45,118.99,111.98,127.47,15540,14856,-1.543,-5.18,10.8,11,10.4,10.2,1.7055,,1.641
1997/06,114.3,114.31,114.4,114.2,110.68,116.89,12926,15153,-1.505,-5.15,10.9,11.9,10.7,11,1.7448,,1.6645
1997/07,117.74,115.1,118.25,115.16,112.05,118.77,11516,14600,-1.519,-5.03,10.9,10.5,11.3,10.5,1.8383,,1.6404
1997/08,119.39,117.89,119.35,117.9,114.7,119.59,10224,14796,-1.535,-5.09,11.9,11.7,12.4,11.9,1.8085,,1.6205
1997/09,121.44,120.74,121,120.74,118.4,122.88,13112,14366,-1.617,-5.06,12.9,12.7,12.4,12.6,1.761,,1.619
1997/10,120.29,121.13,119.95,121.06,119.75,122.45,12112,15711,-1.604,-5.21,12.6,11.6,12.4,11.6,1.7246,,1.6735
1997/11,127.66,125.35,127.55,125.27,121.22,128.07,15039,20646,-1.83,-5.74,12.6,12.7,13.2,12.9,1.7638,,1.689
1997/12,129.92,129.52,129.95,129.47,125.7,131.6,11418,19260,-1.74,-5.35,13.6,13.3,13.6,13.4,1.7988,,1.6475
1998/01,127.34,129.45,126.9,129.45,124.2,134.45,14776,16138,-1.641,-5.03,13.7,14.4,13.7,14.1,1.8299,,1.633
1998/02,126.72,125.85,127.25,126,122.83,129,12707,16771,-1.628,-5.01,12.7,13.4,12.8,13.4,1.8155,,1.6438
1998/03,133.39,128.83,132.05,128.69,124.76,133.47,12932,17220,-1.668,-4.98,13.8,13,13.6,13.2,1.8477,,1.6725
1998/04,131.95,131.81,132.3,131.67,127.4,135.2,14997,15564,-1.729,-5.12,12.2,13.4,12.9,13.4,1.7958,,1.6719
1998/05,138.72,135.08,139.05,135,131.46,139.2,12217,15976,-1.826,-5.15,12.7,12.2,13.2,12.9,1.786,,1.63
1998/06,139.95,140.35,140.85,140.57,134.5,146.75,17497,20248,-1.849,-5.15,17.3,15.1,16.4,14.8,1.8075,,1.6677
1998/07,143.79,140.66,143.7,140.73,137.45,144.5,13476,17672,-1.896,-5.15,15.3,16.5,16,16.1,1.7765,,1.6335
1998/08,141.52,144.76,141.46,144.67,140.2,147.64,15070,16596,-1.84,-5.13,16.9,16,16.2,16.2,1.7483,,1.6805
1998/09,135.72,134.5,135.25,134.59,128.8,139.95,16471,21911,-1.805,-5.1,19.1,18.5,17.4,17,1.6682,,1.699
1998/10,116.09,121.33,116.4,121.3,113.81,136.9,14543,25444,-1.546,-5.22,20.9,22.7,19.1,19.7,1.6531,,1.6755
1998/11,123.83,120.61,123.65,120.58,114.5,124.07,11903,22008,-1.588,-5.13,16.1,17.5,17.6,17.6,1.6931,,1.6482
1998/12,115.2,117.4,115.6,117.54,114.7,123.07,9440,15823,-1.405,-4.87,19.5,18.5,19.2,18.6,1.6646,,1.6542
1999/01,115.98,113.14,116.2,113.18,108.65,116.45,12817,16189,-1.351,-4.5,16.1,18.9,17.2,18.5,,1.1367,1.6458
1999/02,120.32,116.73,119.4,116.66,111.31,122.55,14612,15140,-1.465,-4.75,17.8,17.4,18.1,17.7,,1.1025,1.6017
1999/03,119.99,119.71,120.4,119.78,116.9,123.58,13449,17159,-1.438,-4.73,17.1,17.7,17.2,17.9,,1.078,1.6112
1999/04,119.59,119.66,119.33,119.81,117.43,121.82,10672,14864,-1.486,-4.77,11.9,14.1,12.6,14.4,,1.0575,1.6095
1999/05,121.37,122.14,121.42,122.11,119.83,124.75,11634,17718,-1.53,-4.92,11.7,12,12.2,12.8,,1.043,1.6015
1999/06,120.87,120.81,121.1,120.9,117.63,122.55,11598,15400,-1.641,-5.26,11,11.6,11.3,12,,1.0355,1.5775
1999/07,115.27,119.76,115.2,119.86,115.05,122.87,9703,14089,-1.544,-5.18,13.5,11.1,12.9,11.4,,1.0708,1.6217
1999/08,110.19,113.3,110.82,113.4,109.9,115.9,9845,14854,-1.503,-5.36,13.5,13.4,12.8,12.9,,1.0564,1.605
1999/09,105.66,107.45,106.85,107.57,103.72,111.26,12459,13837,-1.576,-5.8,16.4,16.8,14.5,15,,1.069,1.6474
1999/10,104.89,106,104.85,105.97,103.71,108.05,10714,15764,-1.566,-5.83,13.1,14.5,14,14.6,,1.0547,1.6435
1999/11,102.42,104.83,102.5,104.96,101.35,106.6,10200,13674,-1.482,-5.78,15.7,12,15.6,13,,1.0077,1.5935
1999/12,102.08,102.61,102.2,102.68,101.8,103.8,6118,11405,-1.476,-5.71,14,13.4,14.3,13.8,,1.007,1.615
2000/01,106.9,105.21,106.85,105.16,101.46,107.08,10060,12548,-1.572,-5.87,10.7,11.6,12,12.5,,0.9757,1.6182
2000/02,110.27,109.34,110.18,109.34,107.15,111.73,12764,14227,-1.646,-5.84,12.5,11.9,13.1,12.8,,0.9643,1.578
2000/03,105.29,106.62,105.85,106.71,104.75,110.33,10021,17443,-1.633,-6.06,14,13.2,14.1,13.6,,0.9574,1.5922
2000/04,106.44,105.35,106.55,105.48,102.82,107.03,10026,16598,-1.716,-6.3,12.4,13.7,13.2,14,,0.9089,1.556
2000/05,107.3,108.13,106.65,108.11,106.2,110.08,9068,15439,-1.871,-6.64,12.7,12.5,13,12.9,,0.9328,1.4968
2000/06,105.4,106.13,105.4,106.23,104.29,109.1,8992,16650,-1.728,-6.4,11.1,12.1,12.1,12.7,,0.9545,1.513
2000/07,109.52,107.9,109.5,107.9,105.28,109.8,9256,17802,-1.798,-6.43,10.7,11,11.5,11.7,,0.9266,1.4983
2000/08,106.43,108.02,106.4,108.07,105.92,109.64,8404,15404,-1.658,-6.16,10.8,10.6,11.8,11.6,,0.8878,1.4515
2000/09,107.75,106.75,107.85,106.75,105.07,108.14,7752,17197,-1.693,-6.07,9.3,10.1,10,11.1,,0.8837,1.4787
2000/10,108.81,108.34,109.05,108.36,107.5,109.29,7147,16808,-1.7,-6.1,8.3,8.8,9.5,9.6,,0.8486,1.4505
2000/11,111.07,108.87,111.17,108.89,106.93,111.47,7529,16704,-1.688,-6.01,9.4,8.7,10.2,9.9,,0.8694,1.421
2000/12,114.9,112.21,114.9,112.21,110.16,114.98,7331,15533,-1.653,-5.76,10.2,9.8,10.6,10.7,,0.9388,1.4955
2001/01,116.38,117.1,116.15,117.1,113.57,119.9,11091,17048,-1.406,-4.88,11.3,11.8,11.5,11.8,,0.9308,1.4613
2001/02,116.44,116.1,116.4,116.04,114.63,117.63,8133,16084,-1.398,-4.6,10.4,10.9,10.7,11.2,,0.9212,1.4433
2001/03,125.27,121.21,124.6,121.12,117.11,125.47,10171,18695,-1.466,-4.65,13.3,12.5,13.3,12.6,,0.8794,1.419
2001/04,124.06,123.77,123.45,123.83,121.1,126.78,9239,18524,-1.304,-4.11,11.1,12,11.3,12.1,,0.8874,1.4306
2001/05,119.06,121.83,119.2,121.93,118.8,124.05,8361,17440,-1.18,-3.87,10.6,10,10.5,10.3,,0.8455,1.4175
2001/06,124.27,122.19,124.05,122.15,118.4,124.9,8205,18986,-1.18,-3.72,9.9,9.9,10.2,10.1,,0.8474,1.4077
2001/07,124.79,124.63,124.8,124.68,123.08,125.98,7868,16572,-1.126,-3.52,9.6,9.6,9.9,10,,0.8752,1.4252
2001/08,118.92,121.53,118.95,121.61,118.7,125.21,7476,16410,-1.009,-3.35,11,10,11.1,10.3,,0.909,1.451
2001/09,119.29,118.91,119.3,118.98,116.33,121.8,9366,22730,-0.77,-2.47,11.1,12.2,10.9,11.7,,0.9099,1.4691
2001/10,121.84,121.32,121.82,121.28,119.41,123.23,6796,20933,-0.664,-2.08,9.2,9.8,9.6,10,,0.8993,1.4534
2001/11,123.98,122.33,123.95,122.31,120.01,124.47,7538,21375,-0.595,-1.91,9.4,8.8,9.9,9.3,,0.8958,1.4255
2001/12,131.47,127.32,131.8,127.36,123.26,132.08,8414,18080,-0.587,-1.76,11.7,10.2,11.9,11.1,,0.8901,1.4543
2002/01,132.94,132.66,132.9,132.66,130.48,134.95,10728,19580,-0.606,-1.78,9.2,10.2,9.6,10.5,,0.8594,1.412
2002/02,133.89,133.53,133.9,133.52,131.85,135.04,9275,20117,-0.624,-1.82,9.5,9.6,10.1,10,,0.8658,1.4129
2002/03,132.71,131.15,133.2,131.2,127.25,133.75,10006,19329,-0.643,-1.92,9.3,10,9.9,10,,0.8717,1.425
2002/04,127.97,131.01,128,131.07,127.81,133.51,8524,21981,-0.606,-1.85,8.2,8.6,8.6,9,,0.9002,1.4565
2002/05,123.96,126.39,124.4,126.48,123.02,129.15,9524,21192,-0.583,-1.83,9.5,8.5,9.1,8.7,,0.9339,1.4625
2002/06,119.22,123.44,119.45,123.6,119.2,125.85,8132,19436,-0.556,-1.81,11.2,9.2,10.1,9,,0.9856,1.5245
2002/07,119.82,118.08,119.85,118.07,115.63,120.6,8186,19996,-0.565,-1.79,10,10.5,9.4,9.9,,0.9796,1.5625
2002/08,117.97,119.03,117.95,119.01,116.85,121.37,8261,20396,-0.528,-1.76,10.6,10.4,10.2,9.8,,0.9806,1.5476
2002/09,121.79,120.49,121.55,120.5,117.02,124.04,9448,20469,-0.566,-1.74,10.9,10.6,10,10.1,,0.9879,1.57
2002/10,122.48,123.88,122.45,123.86,121.68,125.65,9443,26675,-0.503,-1.6,9.4,10,9.6,9.8,,0.9881,1.563
2002/11,122.44,121.54,122.3,121.49,119.45,123.19,7729,22143,-0.443,-1.44,7.8,8.8,8.6,9.1,,0.9932,1.5553
2002/12,119.37,122.17,119.9,122.27,119.35,125.55,8145,19673,-0.405,-1.35,10,9.4,9.9,9.5,,1.0485,1.6095
2003/01,119.21,118.67,118.95,118.65,117.75,120.51,8802,21850,-0.397,-1.31,9.5,10.1,9.5,9.9,,1.0739,1.6448
2003/02,117.75,119.29,117.75,119.27,116.86,121.48,8878,20811,-0.388,-1.29,9.7,9.7,9.6,9.6,,1.0779,1.5737
2003/03,119.02,118.49,120.15,118.57,116.64,121.32,8752,23938,-0.367,-1.21,9.6,9.6,9.5,9.5,,1.09,1.579
2003/04,119.46,119.82,119.6,119.79,117.6,120.87,8696,24520,-0.393,-1.26,8.6,8.7,8.8,8.9,,1.118,1.6
2003/05,118.63,117.26,118.35,117.26,115.1,119.17,10562,25153,-0.378,-1.24,8.7,9.3,8.8,9.2,,1.1766,1.6393
2003/06,119.82,118.27,119.85,118.26,117.16,119.93,8046,26843,-0.353,-1.15,8.4,8.3,8.3,8.4,,1.1502,1.6529
2003/07,120.11,118.65,120.1,118.69,117.38,120.35,8174,24334,-0.348,-1.13,8,8.3,8.4,8.5,,1.1231,1.609
2003/08,117.13,118.81,117.05,118.83,117,120.69,6735,24259,-0.338,-1.14,8.3,8,8.6,8.3,,1.0986,1.5773
2003/09,110.48,115.09,111.2,115.19,110.3,117.72,10358,26652,-0.348,-1.18,12.4,9.8,11,9.5,,1.165,1.662
2003/10,108.99,109.58,108.76,109.58,107.88,111.5,8346,23387,-0.333,-1.19,9.7,10.8,9.8,10.4,,1.1609,1.6956
2003/11,109.34,109.18,109.5,109.2,107.87,111.02,8170,23220,-0.324,-1.17,8.2,9.2,9,9.3,,1.1995,1.7219
2003/12,106.97,107.87,107.1,107.9,106.93,110.04,6396,26456,-0.305,-1.12,8.6,8.5,9.1,9.1,,1.2597,1.7842
2004/01,105.88,106.39,105.97,106.48,105.53,108.3,9598,30501,-0.306,-1.11,9.8,9.1,9.6,9.1,,1.2452,1.8215
2004/02,109.08,106.54,109,106.55,105.3,109.7,9376,27973,-0.313,-1.11,8.5,8.7,8.4,8.7,,1.2441,1.8575
2004/03,103.95,108.57,104.3,108.62,103.75,112.3,10310,24950,-0.293,-1.11,13.1,9.9,11.4,9.3,,1.2292,1.84
2004/04,110.44,107.31,110.2,107.25,103.68,110.57,8537,27076,-0.343,-1.19,10.7,10.6,10.1,10,,1.1975,1.7744
2004/05,109.56,112.27,109.5,112.35,108.64,114.8,10572,24621,-0.378,-1.35,12.6,11.6,11.4,10.6,,1.2217,1.833
2004/06,108.69,109.45,108.38,109.47,107.05,111.37,9152,31175,-0.456,-1.6,10.7,11.4,10.3,10.8,,1.2179,1.8126
2004/07,111.67,109.34,112.08,109.36,107.56,112.23,8632,23491,-0.485,-1.67,9.5,9.7,9.3,9.5,,1.2032,1.8183
2004/08,109.86,110.41,109.65,110.35,108.95,112.1,6939,24545,-0.495,-1.78,9.2,9,9.3,9.2,,1.2183,1.8031
2004/09,110.92,110.05,111,110.01,108.96,111.73,7269,26174,-0.564,-1.99,8.6,8.6,8.5,8.8,,1.2417,1.809
2004/10,105.87,108.9,106.13,108.92,105.8,111.44,8660,25872,-0.578,-2.13,9.8,8.7,9.5,8.6,,1.2746,1.8345
2004/11,103.17,104.86,103.18,104.9,102.15,107.13,8214,23482,-0.609,-2.36,9.7,9.3,9.7,9.3,,1.3259,1.9073
2004/12,103.78,103.82,104.12,103.84,101.83,105.74,7573,26849,-0.655,-2.52,10,9.7,9.8,9.7,,1.3538,1.916
2005/01,103.58,103.27,103.6,103.21,101.87,105.06,8541,24860,-0.688,-2.68,10,10.3,9.6,9.8,,1.3049,1.885
2005/02,104.58,104.84,104.73,104.88,103.5,105.87,8423,26021,-0.765,-2.86,9,9.2,9,9.1,,1.3274,1.9249
2005/03,106.97,105.3,107.35,105.31,103.7,107.7,8452,29289,-0.833,-3.04,8.9,8.9,8.9,8.9,,1.2969,1.8888
2005/04,105.87,107.35,105.89,107.36,105.5,108.9,8693,26229,-0.874,-3.16,8,8.2,8.5,8.5,,1.2919,1.9122
2005/05,108.17,106.94,108.08,106.91,104.47,108.4,7978,24813,-0.905,-3.27,8,8.2,8.1,8.4,,1.2349,1.8231
2005/06,110.37,108.62,110.4,108.63,106.53,110.57,8492,27653,-0.981,-3.48,7.7,7.7,7.9,8,,1.2098,1.793
2005/07,112.18,111.94,112.22,111.93,110.33,113.19,9528,23853,-1.043,-3.64,8.1,7.9,8.1,8,,1.2129,1.7593
2005/08,111.42,110.65,111.3,110.72,109.05,112.77,9880,22815,-1.071,-3.8,8.3,8.2,8.2,8.2,,1.233,1.8012
2005/09,113.28,111.03,113.15,111.06,109.08,113.41,9900,26486,-1.153,-3.98,8.1,8.2,8.1,8.2,,1.2058,1.7696
2005/10,115.67,114.84,115.7,114.82,113.27,116.24,9986,26059,-1.238,-4.18,7.9,8.1,8,8.1,,1.1995,1.7689
2005/11,119.46,118.45,119.63,118.41,116.38,119.88,8363,26243,-1.297,-4.34,7.8,7.8,7.9,8,,1.179,1.7321
2005/12,117.48,118.6,117.97,118.64,115.52,121.4,9655,30386,-1.306,-4.45,8.6,8.3,8.4,8.3,,1.1842,1.7188
2006/01,117.18,115.33,117.71,115.45,113.79,117.79,9436,28588,-1.329,-4.57,8.8,9,8.7,8.8,,1.2158,1.782
2006/02,116.35,117.81,116.25,117.89,115.7,119.18,9775,26351,-1.392,-4.68,9.3,9,9,8.8,,1.1925,1.7539
2006/03,117.47,117.31,117.4,117.31,115.45,119.08,9994,28415,-1.448,-4.82,9,9,8.9,8.9,,1.2139,1.7393
2006/04,114.32,117.13,114.3,117.11,114.09,118.8,10869,26828,-1.447,-4.96,9.2,8.7,9.2,8.8,,1.2624,1.822
2006/05,111.85,111.53,112.24,111.51,109.02,114.03,13327,33988,-1.442,-4.88,10.4,10.6,10,10.1,,1.2833,1.8732
2006/06,114.66,114.57,114.95,114.53,111.43,116.63,9788,35291,-1.485,-5.06,9,9,8.8,9,,1.2779,1.8491
2006/07,114.47,115.59,114.8,115.67,113.48,117.57,10130,29692,-1.462,-5,8.9,8.6,8.8,8.6,,1.2764,1.8685
2006/08,117.23,115.86,117.32,115.88,114.17,117.48,8569,27813,-1.466,-4.94,7.9,8.2,8.2,8.4,,1.2793,1.9024
2006/09,118.05,117.02,117.8,117.01,115.57,118.12,10391,28968,-1.483,-4.86,6.7,7.7,7,7.9,,1.2687,1.8716
2006/10,117.74,118.59,117.65,118.66,117.2,119.8,9220,27830,-1.462,-4.87,6.9,7,7.1,7.2,,1.2773,1.9084
2006/11,116.12,117.33,116.4,117.35,115.4,118.47,10364,29251,-1.402,-4.77,7.2,6.8,7.3,7,,1.3261,1.9693
2006/12,118.92,117.26,118.95,117.3,114.53,119.22,8786,33289,-1.402,-4.71,6.3,6.9,6.5,7,,1.3197,1.9586
2007/01,121.34,120.59,121.68,120.58,118.15,122.2,11537,30553,-1.438,-4.79,7.5,6.8,7.3,6.8,,1.2998,1.9611
2007/02,118.59,120.49,118.48,120.45,117.93,121.96,12542,29813,-1.409,-4.55,8.6,7.4,7.8,7.2,,1.323,1.9613
2007/03,118.05,117.29,117.65,117.28,115.19,118.87,15355,34773,-1.372,-4.61,9.1,8.9,8.2,8,,1.3374,1.9685
2007/04,119.41,118.81,119.6,118.83,117.46,119.82,11047,40761,-1.403,-4.59,7.1,7.9,7.1,7.5,,1.366,2
2007/05,121.63,120.77,121.62,120.73,119.36,121.83,9413,32966,-1.424,-4.58,6.3,6.5,6.5,6.6,,1.3453,1.9797
2007/06,123.48,122.64,123.23,122.62,120.77,124.14,11756,34342,-1.432,-4.54,6.8,6.4,6.8,6.5,,1.352,2.0063
2007/07,118.99,121.56,118.95,121.59,118.04,123.67,13554,32130,-1.37,-4.5,9.2,7.5,8.4,7.3,,1.3711,2.0364
2007/08,116.24,116.74,116.2,116.72,111.6,119.77,16837,39457,-1.413,-4.8,13,12.3,11,10.5,,1.3641,2.0165
2007/09,115.27,115.01,115.05,115.01,112.6,116.47,12738,42535,-1.26,-4.18,9.1,11.6,8.5,10.1,,1.4219,2.0389
2007/10,114.78,115.77,114.75,115.74,113.25,117.83,11471,41776,-1.196,-3.99,9.4,9.3,8.5,8.4,,1.4468,2.0777
2007/11,110.29,111.24,110.3,111.21,107.29,115.57,16084,34549,-1.171,-4.19,12.3,12.7,10.7,10.8,,1.4688,2.0567
2007/12,113.12,112.28,114,112.34,109.72,114.39,9520,38747,-1.108,-3.88,10.3,10.5,9.6,9.9,,1.4603,1.9843
2008/01,106.63,107.6,106.36,107.66,105.62,110.1,16312,45714,-0.634,-2.3,13.5,13.6,11.8,12.1,,1.4841,1.9895
2008/02,104.34,107.18,104.73,107.16,104.27,108.37,11682,44031,-0.551,-2.05,13,11.5,11.8,10.7,,1.5187,1.9864
2008/03,99.37,100.83,100.1,100.79,95.77,104.01,16999,53647,-0.482,-1.91,16.8,16.1,14.7,14.2,,1.5805,1.9855
2008/04,104.05,102.41,104.08,102.49,99.59,104.82,12144,46675,-0.563,-2.07,12.4,14,11.8,12.9,,,
2008/05,105.46,104.11,105.66,104.14,102.58,105.73,10730,46147,-0.53,-1.96,10.9,11.7,10.7,11.2,,,
2008/06,105.33,106.86,106.4,106.9,103.96,108.59,11434,47373,-0.527,-1.95,11.9,11.2,11.4,10.9,,,
2008/07,108.13,106.76,107.99,106.81,103.91,108.23,11767,43724,-0.562,-2.04,9.9,11.1,10.2,11,,,
2008/08,108.8,109.24,109.1,109.28,107.32,110.48,11348,46467,-0.562,-2.03,10.3,10.1,10.2,10.1,,,
2008/09,104.76,106.71,104.3,106.75,103.5,109.09,15028,49369,-1.2,-4.35,19.4,14.6,16,12.7,,,
2008/10,97.01,100.2,98.3,100.33,91.88,106.54,15268,51416,-0.508,-2.03,30.2,24.2,22.1,18.9,,,
2008/11,95.31,96.89,95.25,96.81,93.65,99.93,10394,36366,-0.428,-1.79,20.5,24.6,18.3,20.3,,,
2008/12,90.28,91.21,90.75,91.28,87.19,95.57,9182,35350,-0.17,-0.75,17.9,20.5,17.5,19.2,,,
2009/01,89.51,90.35,89.6,90.41,88.27,94.15,9957,38261,-0.172,-0.74,21.4,20.2,20,18.9,,,
2009/02,97.87,92.53,97.55,92.5,88.83,98.61,10360,41120,-0.201,-0.8,17.8,18.5,16.7,17.8,,,
2009/03,98.31,97.83,98.1,97.87,95.27,99.69,10084,45952,-0.151,-0.6,18.5,18.4,16.7,17,,,
2009/04,97.67,98.92,97.6,99,95.63,101.24,10114,43244,-0.146,-0.58,14.5,15.8,14.2,15.1,,,
2009/05,96.45,96.43,96.5,96.3,93.86,99.49,9518,41964,-0.101,-0.4,14.4,14.3,14.4,14.1,,,
2009/06,95.56,96.58,95.95,96.52,94.65,98.86,8910,36586,-0.103,-0.42,13.7,14.9,13.8,14.9,,,
2009/07,95.61,94.49,95.33,94.5,92.04,97,8098,37010,-0.08,-0.32,13.3,14.1,13.9,14.2,,,
2009/08,92.78,94.9,92.7,94.84,92.54,97.72,8262,32825,-0.051,-0.21,14,14,14.3,14.2,,,
2009/09,89.76,91.4,89.77,91.49,88.23,93.38,8806,36110,-0.06,-0.25,14,13.6,14,14,,,
2009/10,91.11,90.28,91.38,90.29,88.08,92.33,7885,33441,-0.05,-0.21,13.2,13.7,13.8,13.9,,,
2009/11,86.15,89.11,86.75,89.19,84.82,90.86,7635,31813,-0.042,-0.19,14.3,12.4,14.5,13.2,,,
2009/12,92.13,89.52,92.06,89.55,86.17,92.26,7704,40108,-0.043,-0.18,14,13.3,14.8,14.3,,,
2010/01,90.19,91.26,89.85,91.16,89.14,93.77,9409,37145,-0.037,-0.15,13,12.8,13.4,13.3,,,
2010/02,89.34,90.28,89.25,90.28,88.9,92.1,7411,33333,-0.043,-0.18,11.6,12.1,12.4,12.7,,,
2010/03,93.27,90.56,93.25,90.52,88.14,93.6,9022,41436,,,,,,,,,
2010/04,94.18,93.43,94.06,93.38,91.6,94.7,8863,44344,,,,,,,,,
2010/05,91.49,91.79,91.38,91.74,89.22,93.99,11505,46719,,,,,,,,,
2010/06,88.66,90.89,88.6,90.92,88.39,92.87,8277,41990,,,,,,,,,
2010/07,86.37,87.67,86.5,87.72,86.17,89.15,8628,37294,,,,,,,,,
2010/08,84.24,85.44,84.25,85.47,84.06,86.83,9061,40330,,,,,,,,,
2010/09,83.32,84.31,83.4,84.38,82.87,85.94,11979,47295,,,,,,,,,
2010/10,80.68,81.8,80.58,81.87,80.45,83.99,8984,41844,,,,,,,,,
2010/11,84.03,82.43,84.15,82.48,80.24,84.3,8634,43727,,,,,,,,,
2010/12,81.51,83.38,81.45,83.41,81.28,84.38,7279,41471,,,,,,,,,
2011/01,82.04,82.63,82.05,82.63,81.61,83.56,8007,45967,,,,,,,,,
2011/02,81.68,82.52,81.7,82.53,81.35,83.83,8333,43080,,,,,,,,,
2011/03,82.84,81.82,83.13,81.79,77.15,83.3,11162,40261,,,,,,,,,
2011/04,81.6,83.34,82.06,83.35,81.27,85.53,10372,38176,,,,,,,,,
2011/05,81.6,81.23,80.85,81.23,80.15,82.17,8307,40603,,,,,,,,,
2011/06,80.42,80.49,80.72,80.51,79.75,81.5,7934,42780,,,,,,,,,
2011/07,77.59,79.44,77.55,79.47,77.45,81.37,8686,46960,,,,,,,,,
2011/08,76.58,77.09,76.59,77.22,76.3,79.94,13188,50136,,,,,,,,,
2011/09,76.7,76.78,76.63,76.84,76.11,77.72,8937,52669,,,,,,,,,
2011/10,78.81,76.72,79.2,76.77,75.52,79.55,14279,54497,,,,,,,,,
2011/11,78.01,77.5,78.05,77.54,76.68,79.1,8852,56581,,,,,,,,,
2011/12,77.57,77.81,77.72,77.85,77.48,78.18,5863,47820,,,,,,,,,
2012/01,76.3,76.94,76.36,76.97,76.18,77.98,7418,49166,,,,,,,,,
2012/02,80.49,78.47,80.65,78.45,76.11,81.66,10010,47407,,,,,,,,,
2012/03,82.17,82.37,82.15,82.43,80.59,84.19,11735,46667,,,,,,,,,
2012/04,80.74,81.42,81.15,81.49,80.34,83.31,9299,41939,,,,,,,,,
2012/05,78.81,79.7,78.8,79.7,78.71,80.61,7081,43783,,,,,,,,,
2012/06,79.61,79.27,79.3,79.32,78,80.63,8570,45911,,,,,,,,,
2012/07,78.28,78.96,78.15,79.02,77.95,80.1,6683,45722,,,,,,,,,
2012/08,78.46,78.68,78.45,78.66,77.9,79.66,6498,41892,,,,,,,,,
2012/09,77.58,78.17,77.57,78.17,77.44,79.23,7264,46903,,,,,,,,,
2012/10,79.73,78.97,79.64,78.97,77.79,80.38,8178,48153,,,,,,,,,
2012/11,82.63,80.92,82.45,80.87,79.22,82.65,10408,55785,,,,,,,,,
2012/12,86.32,83.6,86.55,83.64,81.79,86.63,10499,51617,,,,,,,,,
2013/01,90.92,89.15,91.07,89.18,86.83,91.26,16505,61201,,,,,,,,,
2013/02,92.36,93.07,92.48,93.21,91.4,94.57,14990,48354,,,,,,,,,
2013/03,94.04,94.73,94.05,94.75,92.44,96.71,11123,48580,,,,,,,,,
2013/04,97.83,97.74,97.91,97.71,92.57,99.89,16402,41103,,,,,,,,,
2013/05,100.63,101.01,101.03,101.08,97.05,103.57,14148,38943,,,,,,,,,
2013/06,98.83,97.52,98.87,97.43,93.75,100.73,15832,45479,,,,,,,,,
2013/07,97.85,99.66,98.06,99.71,97.64,101.54,10857,42464,,,,,,,,,
2013/08,98.06,97.83,98.33,97.87,95.92,99.76,10588,40667,,,,,,,,,
2013/09,97.89,99.3,97.75,99.24,97.66,100.62,11222,50384,,,,,,,,,
2013/10,98.34,97.73,98.48,97.85,96.59,99.01,9154,46498,,,,,,,,,
2013/11,102.24,100.04,102.4,100.03,97.8,102.61,9016,44847,,,,,,,,,
2013/12,105.37,103.42,105.3,103.46,101.63,105.41,9306,43459,,,,,,,,,
2014/01,102.49,103.94,102.82,103.94,101.77,105.13,9937,45599,,,,,,,,,
2014/02,101.66,102.02,101.8,102.13,100.76,102.74,8983,45974,,,,,,,,,
2014/03,102.98,102.3,102.85,102.27,101.26,103.43,8688,46511,,,,,,,,,
2014/04,102.51,102.54,102.58,102.56,101.32,104.07,7193,50075,,,,,,,,,
2014/05,101.64,101.78,101.64,101.79,100.81,102.5,7003,51417,,,,,,,,,
2014/06,101.39,102.05,101.3,102.05,101.24,102.8,6619,48238,,,,,,,,,
2014/07,102.87,101.73,102.78,101.72,101.09,102.89,6007,47632,,,,,,,,,
2014/08,103.83,102.95,103.71,102.96,101.51,104.27,8507,49334,,,,,,,,,
2014/09,109.42,107.16,109.37,107.09,104.1,109.74,10991,51063,,,,,,,,,
2014/10,111.23,108.03,110.57,108.06,105.76,111.52,12319,41492,,,,,,,,,
2014/11,118.22,116.24,118.21,116.22,113.28,118.98,15171,43894,,,,,,,,,
2014/12,119.8,119.29,120.64,119.4,116.33,121.86,10276,45893,,,,,,,,,
2015/01,117.9,118.25,118.22,118.24,115.85,120.68,10055,44295,,,,,,,,,
2015/02,119.29,118.59,119.26,118.57,116.87,120.46,8450,41953,,,,,,,,,
2015/03,120.21,120.37,120.11,120.39,118.54,122.03,8257,44570,,,,,,,,,
2015/04,118.91,119.57,118.51,119.55,118.5,120.65,6719,48449,,,,,,,,,
2015/05,123.75,120.82,123.75,120.74,118.89,124.3,8616,49079,,,,,,,,,
2015/06,122.25,123.7,122.45,123.75,122.05,125.66,8676,47897,,,,,,,,,
2015/07,124.22,123.31,123.97,123.23,120.47,124.48,6932,47412,,,,,,,,,
2015/08,121.19,123.17,121.2,123.23,118.25,125.28,8690,50462,,,,,,,,,
2015/09,120.03,120.13,119.95,120.22,118.81,121.38,10207,57125,,,,,,,,,
2015/10,120.74,119.99,120.87,120.06,118.1,121.5,7916,57156,,,,,,,,,
2015/11,122.83,122.58,122.8,122.54,120.27,123.64,6897,46169,,,,,,,,,
2015/12,120.42,121.78,120.5,121.84,120.05,123.59,6699,46615,,,,,,,,,
2016/01,120.63,118.18,121,118.25,116.4,121.49,11400,56141,,,,,,,,,
2016/02,112.99,115.01,113.4,115.02,111.6,121.49,10804,59327,,,,,,,,,
2016/03,112.43,113.05,112.63,113.07,110.84,114.37,8412,55153,,,,,,,,,
2016/04,108.4,109.72,111.74,109.88,107.63,112.57,9300,65468,,,,,,,,,
2016/05,111.14,109.24,111.09,109.15,106.14,111.44,8299,53604,,,,,,,,,
2016/06,102.7,105.44,102.9,105.49,99,110.83,9371,55170,,,,,,,,,
2016/07,103.63,103.97,104,103.9,100.25,107.49,9690,49815,,,,,,,,,
2016/08,103.28,101.28,102.96,101.27,99.65,103.33,7491,56620,,,,,,,,,
2016/09,100.9,101.99,101.08,102.04,100.09,104.14,8287,56712,,,,,,,,,
2016/10,104.92,103.81,104.8,103.82,101.21,105.42,7919,56126,,,,,,,,,
2016/11,112.73,108.33,112.39,108.18,101.19,113.9,11889,49793,,,,,,,,,
2016/12,117.11,116.01,116.8,115.95,112.87,118.39,8716,49998,,,,,,,,,
2017/01,113.53,114.69,113.6,114.73,112.53,118.18,10849,51234,,,,,,,,,
2017/02,112.31,113.13,112.55,113.06,111.59,114.59,8061,52387,,,,,,,,,
2017/03,111.8,113.02,112.05,113.01,110.12,115.46,9862,48749,,,,,,,,,
2017/04,111.29,110.08,111.25,110.06,108.13,111.59,7087,55538,,,,,,,,,
2017/05,110.96,112.24,110.95,112.21,110.72,114.37,8151,51113,,,,,,,,,
2017/06,112.06,110.89,111.94,110.91,109.22,112.58,8126,51551,,,,,,,,,
2017/07,110.63,112.5,110.55,112.44,110.3,114.47,8542,52743,,,,,,,,,
2017/08,110.49,109.9,110.5,109.91,108.33,110.93,8145,52375,,,,,,,,,
2017/09,112.46,110.67,112.66,110.68,107.59,113.21,8962,50994,,,,,,,,,
2017/10,113.09,112.94,113.15,112.96,111.66,114.31,7303,50935,,,,,,,,,
2017/11,112.29,112.89,112,112.92,110.94,114.74,7897,54886,,,,,,,,,
2017/12,112.65,112.96,112.9,112.97,111.99,113.69,7024,45122,,,,,,,,,
2018/01,108.7,110.74,108.84,110.77,108.51,113.18,9705,59349,,,,,,,,,
2018/02,107.08,107.9,107.32,107.82,105.55,110.29,10505,64556,,,,,,,,,
2018/03,106.19,106.01,106.19,106,104.64,106.99,10451,55463,,,,,,,,,
2018/04,109.4,107.49,109.31,107.43,105.7,109.49,7177,58680,,,,,,,,,
2018/05,108.77,109.74,108.66,109.69,108.36,111.39,7061,58172,,,,,,,,,
2018/06,110.64,110.02,110.45,110.03,108.73,110.9,6913,54893,,,,,,,,,
2018/07,111.4,111.41,110.97,111.37,110.27,113.14,6383,51818,,,,,,,,,
2018/08,110.81,111.06,111,111.06,109.78,112.15,6317,53291,,,,,,,,,
2018/09,113.44,111.91,113.47,111.89,110.39,113.67,5727,57324,,,,,,,,,
2018/10,113.2,112.81,113.24,112.78,111.69,114.55,6473,60733,,,,,,,,,
2018/11,113.47,113.36,113.43,113.37,112.4,114.21,6061,53238,,,,,,,,,
2018/12,110.4,112.38,110.83,112.45,110,113.82,7614,49065,,,,,,,,,
2019/01,108.73,108.97,108.92,108.95,107.52,109.87,6774,63391,,,,,,,,,
2019/02,110.76,110.36,110.89,110.36,108.73,111.13,6035,54286,,,,,,,,,
2019/03,110.75,111.22,110.92,111.21,109.7,112.01,7248,49282,,,,,,,,,
2019/04,111.68,111.63,111.7,111.66,110.88,112.24,6692,55473,,,,,,,,,
2019/05,108.78,109.76,109.33,109.83,108.75,110.85,7043,50336,,,,,,,,,
2019/06,107.64,108.07,107.68,108.06,106.78,108.7,7536,50752,,,,,,,,,
2019/07,108.56,108.23,108.56,108.22,107.22,108.99,5323,60689,,,,,,,,,
2019/08,106.52,106.34,106.43,106.27,104.46,109.32,7325,56530,,,,,,,,,
2019/09,107.86,107.4,107.95,107.41,105.83,108.47,6279,50970,,,,,,,,,
2019/10,108.61,108.12,108.83,108.12,106.69,109.07,5104,54635,,,,,,,,,
2019/11,109.5,108.88,109.47,108.86,107.89,109.6,5599,44365,,,,,,,,,
2019/12,109.15,109.18,109.12,109.18,108.43,109.73,4665,50742,,,,,,,,,
2020/01,109.04,109.38,109.03,109.34,107.65,110.3,5713,55858,,,,,,,,,
2020/02,108.84,109.96,109.4,109.96,108.32,112.18,6672,52714,,,,,,,,,
2020/03,108.42,107.42,108.7,107.29,101.6,111.49,9222,53801,,,,,,,,,
2020/04,106.6,107.85,106.58,107.93,106.41,109.38,4153,52591,,,,,,,,,
2020/05,107.21,107.28,107.14,107.31,106,107.99,3532,43935,,,,,,,,,
2020/06,107.73,107.6,107.72,107.56,106.39,109.69,4395,43763,,,,,,,,,
2020/07,104.45,106.75,104.55,106.78,104.2,108.16,3873,43881,,,,,,,,,
2020/08,105.83,106.02,105.37,106.04,105.1,107.04,3674,40775,,,,,,,,,
2020/09,105.62,105.67,105.79,105.74,104.55,106.39,3397,41712,,,,,,,,,
2020/10,104.36,105.21,104.58,105.24,104.13,106.11,3213,43569,,,,,,,,,
2020/11,104.03,104.4,103.87,104.4,103.2,105.48,3852,42657,,,,,,,,,
2020/12,103.33,103.83,103.47,103.82,103.09,104.58,3326,41375,,,,,,,,,
2021/01,104.55,103.7,104.48,103.7,102.6,104.57,3818,47315,,,,,,,,,
2021/02,106.09,105.38,106.23,105.36,104.51,106.43,4331,41566,,,,,,,,,
2021/03,110.74,108.7,110.7,108.65,106.37,110.97,4676,45851,,,,,,,,,
2021/04,108.89,109.1,108.95,109.13,107.65,110.83,4354,42578,,,,,,,,,
2021/05,109.72,109.13,109.78,109.19,108.48,109.96,3773,39303,,,,,,,,,
2021/06,110.55,110.09,110.5,110.11,109.2,111.11,3673,36597,,,,,,,,,
2021/07,109.53,110.26,109.5,110.29,109.37,111.66,3883,40963,,,,,,,,,
2021/08,109.82,109.82,109.87,109.84,108.93,110.79,3188,39248,,,,,,,,,
2021/09,111.88,110.2,111.91,110.17,109.12,112.05,4428,40303,,,,,,,,,
2021/10,113.61,113.09,113.65,113.1,110.88,114.69,4672,45375,,,,,,,,,
2021/11,113.19,114.03,113.8,114.13,112.73,115.45,5621,39161,,,,,,,,,
2021/12,115.12,113.88,115,113.87,112.65,115.2,4424,40153,,,,,,,,,
2022/01,115.43,114.84,115.43,114.83,113.63,116.24,4907,41423,,,,,,,,,
2022/02,115.5,115.16,115.55,115.2,114.33,115.79,4790,45491,,,,,,,,,
2022/03,121.64,118.54,122.4,118.51,114.79,124.31,6437,45893,,,,,,,,,
2022/04,130.6,126.13,129.9,126.04,121.7,130.68,6778,44815,,,,,,,,,
2022/05,127.76,128.68,128.2,128.78,126.56,131.34,5359,44915,,,,,,,,,
2022/06,136.2,133.85,136.63,133.86,128.65,136.8,5476,45354,,,,,,,,,
2022/07,132.78,136.7,133,136.63,132.51,139.18,5430,45893,,,,,,,,,
2022/08,138.6,135.28,138.61,135.24,130.4,139,4419,38709,,,,,,,,,
2022/09,144.32,143.09,144.74,143.14,139.03,145.9,6519,39121,,,,,,,,,
2022/10,148.01,147.16,148.24,147.01,143.55,150.48,5382,43938,,,,,,,,,
2022/11,138.53,142.17,138.8,142.44,137.81,148.82,4905,40188,,,,,,,,,
2022/12,132.14,134.85,132.56,134.93,131.5,138.11,4655,39048,,,,,,,,,
2023/01,130.15,130.28,130.41,130.2,127.22,134.37,5167,45098,,,,,,,,,
2023/02,136.76,132.69,136.29,132.68,128.18,136.82,4980,42445,,,,,,,,,
2023/03,133.13,133.86,133.48,133.85,130.06,137.9,5844,51546,,,,,,,,,
2023/04,135.73,133.4,134.05,133.33,130.79,135.85,4365,51335,,,,,,,,,
2023/05,139.75,137.39,139.8,137.37,133.9,140.92,4060,50511,,,,,,,,,
2023/06,144.85,141.33,144.88,141.19,138.6,145.07,4483,41700,,,,,,,,,
2023/07,142.18,141.2,140.92,141.21,137.27,144.85,5002,36168,,,,,,,,,
2023/08,145.91,144.73,146.07,144.77,141.52,146.61,4284,42632,,,,,,,,,
2023/09,148.77,147.65,149.44,147.67,145.24,149.54,4705,42120,,,,,,,,,
2023/10,150.29,149.59,149.45,149.53,148.17,150.77,3686,44511,,,,,,,,,
2023/11,147.06,149.88,146.98,149.83,146.68,151.8,4006,49646,,,,,,,,,
2023/12,141.4,144.09,141.62,144.07,140.72,148.3,4325,55548,,,,,,,,,
2024/01,147.66,146.59,147.5,146.57,142.88,148.8,4453,54547,,,,,,,,,
2024/02,,,,,,,,,,,,,,,,,
2024/03,,,,,,,,,,,,,,,,,
2024/04,,,,,,,,,,,,,,,,,
2024/05,,,,,,,,,,,,,,,,,
2024/06,,,,,,,,,,,,,,,,,
2024/07,,,,,,,,,,,,,,,,,
2024/08,,,,,,,,,,,,,,,,,
2024/09,,,,,,,,,,,,,,,,,
2024/10,,,,,,,,,,,,,,,,,
2024/11,,,,,,,,,,,,,,,,,
2024/12,,,,,,,,,,,,,,,,,
